,time,high,low,open,volumefrom,volumeto,close,conversionType,conversionSymbol
0,1483142400,0.0,0.0,0.0,0.0,0.0,0.0,direct,
1,1483228800,0.0,0.0,0.0,0.0,0.0,0.0,direct,
2,1483315200,0.0,0.0,0.0,0.0,0.0,0.0,direct,
3,1483401600,0.0,0.0,0.0,0.0,0.0,0.0,direct,
4,1483488000,0.0,0.0,0.0,0.0,0.0,0.0,direct,
5,1483574400,0.0,0.0,0.0,0.0,0.0,0.0,direct,
6,1483660800,0.0,0.0,0.0,0.0,0.0,0.0,direct,
7,1483747200,0.0,0.0,0.0,0.0,0.0,0.0,direct,
8,1483833600,0.0,0.0,0.0,0.0,0.0,0.0,direct,
9,1483920000,0.0,0.0,0.0,0.0,0.0,0.0,direct,
10,1484006400,0.0,0.0,0.0,0.0,0.0,0.0,direct,
11,1484092800,0.0,0.0,0.0,0.0,0.0,0.0,direct,
12,1484179200,0.0,0.0,0.0,0.0,0.0,0.0,direct,
13,1484265600,0.0,0.0,0.0,0.0,0.0,0.0,direct,
14,1484352000,0.0,0.0,0.0,0.0,0.0,0.0,direct,
15,1484438400,0.0,0.0,0.0,0.0,0.0,0.0,direct,
16,1484524800,0.0,0.0,0.0,0.0,0.0,0.0,direct,
17,1484611200,0.0,0.0,0.0,0.0,0.0,0.0,direct,
18,1484697600,0.0,0.0,0.0,0.0,0.0,0.0,direct,
19,1484784000,0.0,0.0,0.0,0.0,0.0,0.0,direct,
20,1484870400,0.0,0.0,0.0,0.0,0.0,0.0,direct,
21,1484956800,0.0,0.0,0.0,0.0,0.0,0.0,direct,
22,1485043200,0.0,0.0,0.0,0.0,0.0,0.0,direct,
23,1485129600,0.0,0.0,0.0,0.0,0.0,0.0,direct,
24,1485216000,0.0,0.0,0.0,0.0,0.0,0.0,direct,
25,1485302400,0.0,0.0,0.0,0.0,0.0,0.0,direct,
26,1485388800,0.0,0.0,0.0,0.0,0.0,0.0,direct,
27,1485475200,0.0,0.0,0.0,0.0,0.0,0.0,direct,
28,1485561600,0.0,0.0,0.0,0.0,0.0,0.0,direct,
29,1485648000,0.0,0.0,0.0,0.0,0.0,0.0,direct,
30,1485734400,0.0,0.0,0.0,0.0,0.0,0.0,direct,
31,1485820800,0.0,0.0,0.0,0.0,0.0,0.0,direct,
32,1485907200,0.0,0.0,0.0,0.0,0.0,0.0,direct,
33,1485993600,0.0,0.0,0.0,0.0,0.0,0.0,direct,
34,1486080000,0.0,0.0,0.0,0.0,0.0,0.0,direct,
35,1486166400,0.0,0.0,0.0,0.0,0.0,0.0,direct,
36,1486252800,0.0,0.0,0.0,0.0,0.0,0.0,direct,
37,1486339200,0.0,0.0,0.0,0.0,0.0,0.0,direct,
38,1486425600,0.0,0.0,0.0,0.0,0.0,0.0,direct,
39,1486512000,0.0,0.0,0.0,0.0,0.0,0.0,direct,
40,1486598400,0.0,0.0,0.0,0.0,0.0,0.0,direct,
41,1486684800,0.0,0.0,0.0,0.0,0.0,0.0,direct,
42,1486771200,0.0,0.0,0.0,0.0,0.0,0.0,direct,
43,1486857600,0.0,0.0,0.0,0.0,0.0,0.0,direct,
44,1486944000,0.0,0.0,0.0,0.0,0.0,0.0,direct,
45,1487030400,0.0,0.0,0.0,0.0,0.0,0.0,direct,
46,1487116800,0.0,0.0,0.0,0.0,0.0,0.0,direct,
47,1487203200,0.0,0.0,0.0,0.0,0.0,0.0,direct,
48,1487289600,0.0,0.0,0.0,0.0,0.0,0.0,direct,
49,1487376000,0.0,0.0,0.0,0.0,0.0,0.0,direct,
50,1487462400,0.0,0.0,0.0,0.0,0.0,0.0,direct,
51,1487548800,0.0,0.0,0.0,0.0,0.0,0.0,direct,
52,1487635200,0.0,0.0,0.0,0.0,0.0,0.0,direct,
53,1487721600,0.0,0.0,0.0,0.0,0.0,0.0,direct,
54,1487808000,0.0,0.0,0.0,0.0,0.0,0.0,direct,
55,1487894400,0.0,0.0,0.0,0.0,0.0,0.0,direct,
56,1487980800,0.0,0.0,0.0,0.0,0.0,0.0,direct,
57,1488067200,0.0,0.0,0.0,0.0,0.0,0.0,direct,
58,1488153600,0.0,0.0,0.0,0.0,0.0,0.0,direct,
59,1488240000,0.0,0.0,0.0,0.0,0.0,0.0,direct,
60,1488326400,0.0,0.0,0.0,0.0,0.0,0.0,direct,
61,1488412800,0.0,0.0,0.0,0.0,0.0,0.0,direct,
62,1488499200,0.0,0.0,0.0,0.0,0.0,0.0,direct,
63,1488585600,0.0,0.0,0.0,0.0,0.0,0.0,direct,
64,1488672000,0.0,0.0,0.0,0.0,0.0,0.0,direct,
65,1488758400,0.0,0.0,0.0,0.0,0.0,0.0,direct,
66,1488844800,0.0,0.0,0.0,0.0,0.0,0.0,direct,
67,1488931200,0.0,0.0,0.0,0.0,0.0,0.0,direct,
68,1489017600,0.0,0.0,0.0,0.0,0.0,0.0,direct,
69,1489104000,0.0,0.0,0.0,0.0,0.0,0.0,direct,
70,1489190400,0.0,0.0,0.0,0.0,0.0,0.0,direct,
71,1489276800,0.0,0.0,0.0,0.0,0.0,0.0,direct,
72,1489363200,0.0,0.0,0.0,0.0,0.0,0.0,direct,
73,1489449600,0.0,0.0,0.0,0.0,0.0,0.0,direct,
74,1489536000,0.0,0.0,0.0,0.0,0.0,0.0,direct,
75,1489622400,0.0,0.0,0.0,0.0,0.0,0.0,direct,
76,1489708800,0.0,0.0,0.0,0.0,0.0,0.0,direct,
77,1489795200,0.0,0.0,0.0,0.0,0.0,0.0,direct,
78,1489881600,0.0,0.0,0.0,0.0,0.0,0.0,direct,
79,1489968000,0.0,0.0,0.0,0.0,0.0,0.0,direct,
80,1490054400,0.0,0.0,0.0,0.0,0.0,0.0,direct,
81,1490140800,0.0,0.0,0.0,0.0,0.0,0.0,direct,
82,1490227200,0.0,0.0,0.0,0.0,0.0,0.0,direct,
83,1490313600,0.0,0.0,0.0,0.0,0.0,0.0,direct,
84,1490400000,0.0,0.0,0.0,0.0,0.0,0.0,direct,
85,1490486400,0.0,0.0,0.0,0.0,0.0,0.0,direct,
86,1490572800,0.0,0.0,0.0,0.0,0.0,0.0,direct,
87,1490659200,0.0,0.0,0.0,0.0,0.0,0.0,direct,
88,1490745600,0.0,0.0,0.0,0.0,0.0,0.0,direct,
89,1490832000,0.0,0.0,0.0,0.0,0.0,0.0,direct,
90,1490918400,0.0,0.0,0.0,0.0,0.0,0.0,direct,
91,1491004800,0.0,0.0,0.0,0.0,0.0,0.0,direct,
92,1491091200,0.0,0.0,0.0,0.0,0.0,0.0,direct,
93,1491177600,0.0,0.0,0.0,0.0,0.0,0.0,direct,
94,1491264000,0.0,0.0,0.0,0.0,0.0,0.0,direct,
95,1491350400,0.0,0.0,0.0,0.0,0.0,0.0,direct,
96,1491436800,0.0,0.0,0.0,0.0,0.0,0.0,direct,
97,1491523200,0.0,0.0,0.0,0.0,0.0,0.0,direct,
98,1491609600,0.0,0.0,0.0,0.0,0.0,0.0,direct,
99,1491696000,0.0,0.0,0.0,0.0,0.0,0.0,direct,
100,1491782400,0.0,0.0,0.0,0.0,0.0,0.0,direct,
101,1491868800,0.0,0.0,0.0,0.0,0.0,0.0,direct,
102,1491955200,0.0,0.0,0.0,0.0,0.0,0.0,direct,
103,1492041600,0.0,0.0,0.0,0.0,0.0,0.0,direct,
104,1492128000,0.0,0.0,0.0,0.0,0.0,0.0,direct,
105,1492214400,0.0,0.0,0.0,0.0,0.0,0.0,direct,
106,1492300800,0.0,0.0,0.0,0.0,0.0,0.0,direct,
107,1492387200,0.0,0.0,0.0,0.0,0.0,0.0,direct,
108,1492473600,0.0,0.0,0.0,0.0,0.0,0.0,direct,
109,1492560000,0.0,0.0,0.0,0.0,0.0,0.0,direct,
110,1492646400,0.0,0.0,0.0,0.0,0.0,0.0,direct,
111,1492732800,0.0,0.0,0.0,0.0,0.0,0.0,direct,
112,1492819200,0.0,0.0,0.0,0.0,0.0,0.0,direct,
113,1492905600,0.0,0.0,0.0,0.0,0.0,0.0,direct,
114,1492992000,0.0,0.0,0.0,0.0,0.0,0.0,direct,
115,1493078400,0.0,0.0,0.0,0.0,0.0,0.0,direct,
116,1493164800,0.0,0.0,0.0,0.0,0.0,0.0,direct,
117,1493251200,0.0,0.0,0.0,0.0,0.0,0.0,direct,
118,1493337600,0.0,0.0,0.0,0.0,0.0,0.0,direct,
119,1493424000,0.0,0.0,0.0,0.0,0.0,0.0,direct,
120,1493510400,0.0,0.0,0.0,0.0,0.0,0.0,direct,
121,1493596800,0.0,0.0,0.0,0.0,0.0,0.0,direct,
122,1493683200,0.0,0.0,0.0,0.0,0.0,0.0,direct,
123,1493769600,0.0,0.0,0.0,0.0,0.0,0.0,direct,
124,1493856000,0.0,0.0,0.0,0.0,0.0,0.0,direct,
125,1493942400,0.0,0.0,0.0,0.0,0.0,0.0,direct,
126,1494028800,0.0,0.0,0.0,0.0,0.0,0.0,direct,
127,1494115200,0.0,0.0,0.0,0.0,0.0,0.0,direct,
128,1494201600,0.0,0.0,0.0,0.0,0.0,0.0,direct,
129,1494288000,0.0,0.0,0.0,0.0,0.0,0.0,direct,
130,1494374400,0.0,0.0,0.0,0.0,0.0,0.0,direct,
131,1494460800,0.0,0.0,0.0,0.0,0.0,0.0,direct,
132,1494547200,0.0,0.0,0.0,0.0,0.0,0.0,direct,
133,1494633600,0.0,0.0,0.0,0.0,0.0,0.0,direct,
134,1494720000,0.0,0.0,0.0,0.0,0.0,0.0,direct,
135,1494806400,0.0,0.0,0.0,0.0,0.0,0.0,direct,
136,1494892800,0.0,0.0,0.0,0.0,0.0,0.0,direct,
137,1494979200,0.0,0.0,0.0,0.0,0.0,0.0,direct,
138,1495065600,0.0,0.0,0.0,0.0,0.0,0.0,direct,
139,1495152000,0.0,0.0,0.0,0.0,0.0,0.0,direct,
140,1495238400,0.0,0.0,0.0,0.0,0.0,0.0,direct,
141,1495324800,0.0,0.0,0.0,0.0,0.0,0.0,direct,
142,1495411200,0.0,0.0,0.0,0.0,0.0,0.0,direct,
143,1495497600,0.0,0.0,0.0,0.0,0.0,0.0,direct,
144,1495584000,0.0,0.0,0.0,0.0,0.0,0.0,direct,
145,1495670400,0.0,0.0,0.0,0.0,0.0,0.0,direct,
146,1495756800,0.0,0.0,0.0,0.0,0.0,0.0,direct,
147,1495843200,0.0,0.0,0.0,0.0,0.0,0.0,direct,
148,1495929600,0.0,0.0,0.0,0.0,0.0,0.0,direct,
149,1496016000,0.0,0.0,0.0,0.0,0.0,0.0,direct,
150,1496102400,0.0,0.0,0.0,0.0,0.0,0.0,direct,
151,1496188800,0.0,0.0,0.0,0.0,0.0,0.0,direct,
152,1496275200,0.0,0.0,0.0,0.0,0.0,0.0,direct,
153,1496361600,0.0,0.0,0.0,0.0,0.0,0.0,direct,
154,1496448000,0.0,0.0,0.0,0.0,0.0,0.0,direct,
155,1496534400,0.0,0.0,0.0,0.0,0.0,0.0,direct,
156,1496620800,0.0,0.0,0.0,0.0,0.0,0.0,direct,
157,1496707200,0.0,0.0,0.0,0.0,0.0,0.0,direct,
158,1496793600,0.0,0.0,0.0,0.0,0.0,0.0,direct,
159,1496880000,0.0,0.0,0.0,0.0,0.0,0.0,direct,
160,1496966400,0.0,0.0,0.0,0.0,0.0,0.0,direct,
161,1497052800,0.0,0.0,0.0,0.0,0.0,0.0,direct,
162,1497139200,0.0,0.0,0.0,0.0,0.0,0.0,direct,
163,1497225600,0.0,0.0,0.0,0.0,0.0,0.0,direct,
164,1497312000,0.0,0.0,0.0,0.0,0.0,0.0,direct,
165,1497398400,0.0,0.0,0.0,0.0,0.0,0.0,direct,
166,1497484800,0.0,0.0,0.0,0.0,0.0,0.0,direct,
167,1497571200,0.0,0.0,0.0,0.0,0.0,0.0,direct,
168,1497657600,0.0,0.0,0.0,0.0,0.0,0.0,direct,
169,1497744000,0.0,0.0,0.0,0.0,0.0,0.0,direct,
170,1497830400,0.0,0.0,0.0,0.0,0.0,0.0,direct,
171,1497916800,0.0,0.0,0.0,0.0,0.0,0.0,direct,
172,1498003200,0.0,0.0,0.0,0.0,0.0,0.0,direct,
173,1498089600,0.0,0.0,0.0,0.0,0.0,0.0,direct,
174,1498176000,0.0,0.0,0.0,0.0,0.0,0.0,direct,
175,1498262400,0.0,0.0,0.0,0.0,0.0,0.0,direct,
176,1498348800,0.0,0.0,0.0,0.0,0.0,0.0,direct,
177,1498435200,0.0,0.0,0.0,0.0,0.0,0.0,direct,
178,1498521600,0.0,0.0,0.0,0.0,0.0,0.0,direct,
179,1498608000,0.0,0.0,0.0,0.0,0.0,0.0,direct,
180,1498694400,0.0,0.0,0.0,0.0,0.0,0.0,direct,
181,1498780800,0.0,0.0,0.0,0.0,0.0,0.0,direct,
182,1498867200,0.0,0.0,0.0,0.0,0.0,0.0,direct,
183,1498953600,0.0,0.0,0.0,0.0,0.0,0.0,direct,
184,1499040000,0.0,0.0,0.0,0.0,0.0,0.0,direct,
185,1499126400,0.0,0.0,0.0,0.0,0.0,0.0,direct,
186,1499212800,0.0,0.0,0.0,0.0,0.0,0.0,direct,
187,1499299200,0.0,0.0,0.0,0.0,0.0,0.0,direct,
188,1499385600,0.0,0.0,0.0,0.0,0.0,0.0,direct,
189,1499472000,0.0,0.0,0.0,0.0,0.0,0.0,direct,
190,1499558400,0.0,0.0,0.0,0.0,0.0,0.0,direct,
191,1499644800,0.0,0.0,0.0,0.0,0.0,0.0,direct,
192,1499731200,0.0,0.0,0.0,0.0,0.0,0.0,direct,
193,1499817600,0.0,0.0,0.0,0.0,0.0,0.0,direct,
194,1499904000,0.0,0.0,0.0,0.0,0.0,0.0,direct,
195,1499990400,0.0,0.0,0.0,0.0,0.0,0.0,direct,
196,1500076800,0.0,0.0,0.0,0.0,0.0,0.0,direct,
197,1500163200,0.0,0.0,0.0,0.0,0.0,0.0,direct,
198,1500249600,0.0,0.0,0.0,0.0,0.0,0.0,direct,
199,1500336000,0.0,0.0,0.0,0.0,0.0,0.0,direct,
200,1500422400,0.0,0.0,0.0,0.0,0.0,0.0,direct,
201,1500508800,0.0,0.0,0.0,0.0,0.0,0.0,direct,
202,1500595200,0.0,0.0,0.0,0.0,0.0,0.0,direct,
203,1500681600,0.0,0.0,0.0,0.0,0.0,0.0,direct,
204,1500768000,0.0,0.0,0.0,0.0,0.0,0.0,direct,
205,1500854400,0.0,0.0,0.0,0.0,0.0,0.0,direct,
206,1500940800,0.0,0.0,0.0,0.0,0.0,0.0,direct,
207,1501027200,0.0,0.0,0.0,0.0,0.0,0.0,direct,
208,1501113600,0.0,0.0,0.0,0.0,0.0,0.0,direct,
209,1501200000,0.0,0.0,0.0,0.0,0.0,0.0,direct,
210,1501286400,0.0,0.0,0.0,0.0,0.0,0.0,direct,
211,1501372800,0.0,0.0,0.0,0.0,0.0,0.0,direct,
212,1501459200,0.0,0.0,0.0,0.0,0.0,0.0,direct,
213,1501545600,0.0,0.0,0.0,0.0,0.0,0.0,direct,
214,1501632000,0.0,0.0,0.0,0.0,0.0,0.0,direct,
215,1501718400,0.0,0.0,0.0,0.0,0.0,0.0,direct,
216,1501804800,0.0,0.0,0.0,0.0,0.0,0.0,direct,
217,1501891200,0.0,0.0,0.0,0.0,0.0,0.0,direct,
218,1501977600,0.0,0.0,0.0,0.0,0.0,0.0,direct,
219,1502064000,0.0,0.0,0.0,0.0,0.0,0.0,direct,
220,1502150400,0.0,0.0,0.0,0.0,0.0,0.0,direct,
221,1502236800,0.0,0.0,0.0,0.0,0.0,0.0,direct,
222,1502323200,0.0,0.0,0.0,0.0,0.0,0.0,direct,
223,1502409600,0.0,0.0,0.0,0.0,0.0,0.0,direct,
224,1502496000,0.0,0.0,0.0,0.0,0.0,0.0,direct,
225,1502582400,0.0,0.0,0.0,0.0,0.0,0.0,direct,
226,1502668800,0.0,0.0,0.0,0.0,0.0,0.0,direct,
227,1502755200,0.0,0.0,0.0,0.0,0.0,0.0,direct,
228,1502841600,0.0,0.0,0.0,0.0,0.0,0.0,direct,
229,1502928000,0.0,0.0,0.0,0.0,0.0,0.0,direct,
230,1503014400,0.0,0.0,0.0,0.0,0.0,0.0,direct,
231,1503100800,0.0,0.0,0.0,0.0,0.0,0.0,direct,
232,1503187200,0.0,0.0,0.0,0.0,0.0,0.0,direct,
233,1503273600,0.0,0.0,0.0,0.0,0.0,0.0,direct,
234,1503360000,0.0,0.0,0.0,0.0,0.0,0.0,direct,
235,1503446400,0.0,0.0,0.0,0.0,0.0,0.0,direct,
236,1503532800,0.0,0.0,0.0,0.0,0.0,0.0,direct,
237,1503619200,0.0,0.0,0.0,0.0,0.0,0.0,direct,
238,1503705600,0.0,0.0,0.0,0.0,0.0,0.0,direct,
239,1503792000,0.0,0.0,0.0,0.0,0.0,0.0,direct,
240,1503878400,0.0,0.0,0.0,0.0,0.0,0.0,direct,
241,1503964800,0.0,0.0,0.0,0.0,0.0,0.0,direct,
242,1504051200,0.0,0.0,0.0,0.0,0.0,0.0,direct,
243,1504137600,0.0,0.0,0.0,0.0,0.0,0.0,direct,
244,1504224000,0.0,0.0,0.0,0.0,0.0,0.0,direct,
245,1504310400,0.0,0.0,0.0,0.0,0.0,0.0,direct,
246,1504396800,0.0,0.0,0.0,0.0,0.0,0.0,direct,
247,1504483200,0.0,0.0,0.0,0.0,0.0,0.0,direct,
248,1504569600,0.0,0.0,0.0,0.0,0.0,0.0,direct,
249,1504656000,0.0,0.0,0.0,0.0,0.0,0.0,direct,
250,1504742400,0.0,0.0,0.0,0.0,0.0,0.0,direct,
251,1504828800,0.0,0.0,0.0,0.0,0.0,0.0,direct,
252,1504915200,0.0,0.0,0.0,0.0,0.0,0.0,direct,
253,1505001600,0.0,0.0,0.0,0.0,0.0,0.0,direct,
254,1505088000,0.0,0.0,0.0,0.0,0.0,0.0,direct,
255,1505174400,0.0,0.0,0.0,0.0,0.0,0.0,direct,
256,1505260800,0.0,0.0,0.0,0.0,0.0,0.0,direct,
257,1505347200,0.0,0.0,0.0,0.0,0.0,0.0,direct,
258,1505433600,0.0,0.0,0.0,0.0,0.0,0.0,direct,
259,1505520000,0.0,0.0,0.0,0.0,0.0,0.0,direct,
260,1505606400,0.0,0.0,0.0,0.0,0.0,0.0,direct,
261,1505692800,0.0,0.0,0.0,0.0,0.0,0.0,direct,
262,1505779200,0.0,0.0,0.0,0.0,0.0,0.0,direct,
263,1505865600,0.0,0.0,0.0,0.0,0.0,0.0,direct,
264,1505952000,0.0,0.0,0.0,0.0,0.0,0.0,direct,
265,1506038400,0.0,0.0,0.0,0.0,0.0,0.0,direct,
266,1506124800,0.0,0.0,0.0,0.0,0.0,0.0,direct,
267,1506211200,0.0,0.0,0.0,0.0,0.0,0.0,direct,
268,1506297600,0.0,0.0,0.0,0.0,0.0,0.0,direct,
269,1506384000,0.0,0.0,0.0,0.0,0.0,0.0,direct,
270,1506470400,0.0,0.0,0.0,0.0,0.0,0.0,direct,
271,1506556800,0.0,0.0,0.0,0.0,0.0,0.0,direct,
272,1506643200,0.0,0.0,0.0,0.0,0.0,0.0,direct,
273,1506729600,0.0,0.0,0.0,0.0,0.0,0.0,direct,
274,1506816000,0.0,0.0,0.0,0.0,0.0,0.0,direct,
275,1506902400,0.0,0.0,0.0,0.0,0.0,0.0,direct,
276,1506988800,0.0,0.0,0.0,0.0,0.0,0.0,direct,
277,1507075200,0.0,0.0,0.0,0.0,0.0,0.0,direct,
278,1507161600,0.0,0.0,0.0,0.0,0.0,0.0,direct,
279,1507248000,0.0,0.0,0.0,0.0,0.0,0.0,direct,
280,1507334400,0.0,0.0,0.0,0.0,0.0,0.0,direct,
281,1507420800,0.0,0.0,0.0,0.0,0.0,0.0,direct,
282,1507507200,0.0,0.0,0.0,0.0,0.0,0.0,direct,
283,1507593600,0.0,0.0,0.0,0.0,0.0,0.0,direct,
284,1507680000,0.0,0.0,0.0,0.0,0.0,0.0,direct,
285,1507766400,0.0,0.0,0.0,0.0,0.0,0.0,direct,
286,1507852800,0.0,0.0,0.0,0.0,0.0,0.0,direct,
287,1507939200,0.0,0.0,0.0,0.0,0.0,0.0,direct,
288,1508025600,0.0,0.0,0.0,0.0,0.0,0.0,direct,
289,1508112000,0.0,0.0,0.0,0.0,0.0,0.0,direct,
290,1508198400,0.0,0.0,0.0,0.0,0.0,0.0,direct,
291,1508284800,0.0,0.0,0.0,0.0,0.0,0.0,direct,
292,1508371200,0.0,0.0,0.0,0.0,0.0,0.0,direct,
293,1508457600,0.0,0.0,0.0,0.0,0.0,0.0,direct,
294,1508544000,0.0,0.0,0.0,0.0,0.0,0.0,direct,
295,1508630400,0.0,0.0,0.0,0.0,0.0,0.0,direct,
296,1508716800,0.0,0.0,0.0,0.0,0.0,0.0,direct,
297,1508803200,0.0,0.0,0.0,0.0,0.0,0.0,direct,
298,1508889600,0.0,0.0,0.0,0.0,0.0,0.0,direct,
299,1508976000,0.0,0.0,0.0,0.0,0.0,0.0,direct,
300,1509062400,0.0,0.0,0.0,0.0,0.0,0.0,direct,
301,1509148800,0.0,0.0,0.0,0.0,0.0,0.0,direct,
302,1509235200,0.0,0.0,0.0,0.0,0.0,0.0,direct,
303,1509321600,0.0,0.0,0.0,0.0,0.0,0.0,direct,
304,1509408000,0.0,0.0,0.0,0.0,0.0,0.0,direct,
305,1509494400,0.0,0.0,0.0,0.0,0.0,0.0,direct,
306,1509580800,0.0,0.0,0.0,0.0,0.0,0.0,direct,
307,1509667200,0.0,0.0,0.0,0.0,0.0,0.0,direct,
308,1509753600,0.0,0.0,0.0,0.0,0.0,0.0,direct,
309,1509840000,0.0,0.0,0.0,0.0,0.0,0.0,direct,
310,1509926400,0.0,0.0,0.0,0.0,0.0,0.0,direct,
311,1510012800,0.0,0.0,0.0,0.0,0.0,0.0,direct,
312,1510099200,0.0,0.0,0.0,0.0,0.0,0.0,direct,
313,1510185600,0.0,0.0,0.0,0.0,0.0,0.0,direct,
314,1510272000,0.0,0.0,0.0,0.0,0.0,0.0,direct,
315,1510358400,0.0,0.0,0.0,0.0,0.0,0.0,direct,
316,1510444800,0.0,0.0,0.0,0.0,0.0,0.0,direct,
317,1510531200,0.0,0.0,0.0,0.0,0.0,0.0,direct,
318,1510617600,0.0,0.0,0.0,0.0,0.0,0.0,direct,
319,1510704000,0.0,0.0,0.0,0.0,0.0,0.0,direct,
320,1510790400,0.0,0.0,0.0,0.0,0.0,0.0,direct,
321,1510876800,0.0,0.0,0.0,0.0,0.0,0.0,direct,
322,1510963200,0.0,0.0,0.0,0.0,0.0,0.0,direct,
323,1511049600,0.0,0.0,0.0,0.0,0.0,0.0,direct,
324,1511136000,0.0,0.0,0.0,0.0,0.0,0.0,direct,
325,1511222400,0.0,0.0,0.0,0.0,0.0,0.0,direct,
326,1511308800,0.0,0.0,0.0,0.0,0.0,0.0,direct,
327,1511395200,0.0,0.0,0.0,0.0,0.0,0.0,direct,
328,1511481600,0.0,0.0,0.0,0.0,0.0,0.0,direct,
329,1511568000,0.0,0.0,0.0,0.0,0.0,0.0,direct,
330,1511654400,0.0,0.0,0.0,0.0,0.0,0.0,direct,
331,1511740800,0.0,0.0,0.0,0.0,0.0,0.0,direct,
332,1511827200,0.0,0.0,0.0,0.0,0.0,0.0,direct,
333,1511913600,0.0,0.0,0.0,0.0,0.0,0.0,direct,
334,1512000000,0.0,0.0,0.0,0.0,0.0,0.0,direct,
335,1512086400,0.0,0.0,0.0,0.0,0.0,0.0,direct,
336,1512172800,0.0,0.0,0.0,0.0,0.0,0.0,direct,
337,1512259200,0.0,0.0,0.0,0.0,0.0,0.0,direct,
338,1512345600,0.0,0.0,0.0,0.0,0.0,0.0,direct,
339,1512432000,0.0,0.0,0.0,0.0,0.0,0.0,direct,
340,1512518400,0.0,0.0,0.0,0.0,0.0,0.0,direct,
341,1512604800,0.0,0.0,0.0,0.0,0.0,0.0,direct,
342,1512691200,0.0,0.0,0.0,0.0,0.0,0.0,direct,
343,1512777600,0.0,0.0,0.0,0.0,0.0,0.0,direct,
344,1512864000,0.0,0.0,0.0,0.0,0.0,0.0,direct,
345,1512950400,0.0,0.0,0.0,0.0,0.0,0.0,direct,
346,1513036800,0.0,0.0,0.0,0.0,0.0,0.0,direct,
347,1513123200,0.0,0.0,0.0,0.0,0.0,0.0,direct,
348,1513209600,0.0,0.0,0.0,0.0,0.0,0.0,direct,
349,1513296000,0.0,0.0,0.0,0.0,0.0,0.0,direct,
350,1513382400,0.0,0.0,0.0,0.0,0.0,0.0,direct,
351,1513468800,0.0,0.0,0.0,0.0,0.0,0.0,direct,
352,1513555200,0.0,0.0,0.0,0.0,0.0,0.0,direct,
353,1513641600,0.0,0.0,0.0,0.0,0.0,0.0,direct,
354,1513728000,0.0,0.0,0.0,0.0,0.0,0.0,direct,
355,1513814400,0.0,0.0,0.0,0.0,0.0,0.0,direct,
356,1513900800,0.0,0.0,0.0,0.0,0.0,0.0,direct,
357,1513987200,0.0,0.0,0.0,0.0,0.0,0.0,direct,
358,1514073600,0.0,0.0,0.0,0.0,0.0,0.0,direct,
359,1514160000,0.0,0.0,0.0,0.0,0.0,0.0,direct,
360,1514246400,0.0,0.0,0.0,0.0,0.0,0.0,direct,
361,1514332800,0.0,0.0,0.0,0.0,0.0,0.0,direct,
362,1514419200,0.0,0.0,0.0,0.0,0.0,0.0,direct,
363,1514505600,0.0,0.0,0.0,0.0,0.0,0.0,direct,
364,1514592000,0.0,0.0,0.0,0.0,0.0,0.0,direct,
365,1514678400,0.0,0.0,0.0,0.0,0.0,0.0,direct,
366,1514764800,0.0,0.0,0.0,0.0,0.0,0.0,direct,
367,1514851200,0.0,0.0,0.0,0.0,0.0,0.0,direct,
368,1514937600,0.0,0.0,0.0,0.0,0.0,0.0,direct,
369,1515024000,0.0,0.0,0.0,0.0,0.0,0.0,direct,
370,1515110400,0.0,0.0,0.0,0.0,0.0,0.0,direct,
371,1515196800,0.0,0.0,0.0,0.0,0.0,0.0,direct,
372,1515283200,0.0,0.0,0.0,0.0,0.0,0.0,direct,
373,1515369600,0.0,0.0,0.0,0.0,0.0,0.0,direct,
374,1515456000,0.0,0.0,0.0,0.0,0.0,0.0,direct,
375,1515542400,0.0,0.0,0.0,0.0,0.0,0.0,direct,
376,1515628800,0.0,0.0,0.0,0.0,0.0,0.0,direct,
377,1515715200,0.0,0.0,0.0,0.0,0.0,0.0,direct,
378,1515801600,0.0,0.0,0.0,0.0,0.0,0.0,direct,
379,1515888000,0.0,0.0,0.0,0.0,0.0,0.0,direct,
380,1515974400,0.0,0.0,0.0,0.0,0.0,0.0,direct,
381,1516060800,0.0,0.0,0.0,0.0,0.0,0.0,direct,
382,1516147200,0.0,0.0,0.0,0.0,0.0,0.0,direct,
383,1516233600,0.0,0.0,0.0,0.0,0.0,0.0,direct,
384,1516320000,0.0,0.0,0.0,0.0,0.0,0.0,direct,
385,1516406400,0.0,0.0,0.0,0.0,0.0,0.0,direct,
386,1516492800,0.0,0.0,0.0,0.0,0.0,0.0,direct,
387,1516579200,0.0,0.0,0.0,0.0,0.0,0.0,direct,
388,1516665600,0.0,0.0,0.0,0.0,0.0,0.0,direct,
389,1516752000,0.0,0.0,0.0,0.0,0.0,0.0,direct,
390,1516838400,0.0,0.0,0.0,0.0,0.0,0.0,direct,
391,1516924800,0.0,0.0,0.0,0.0,0.0,0.0,direct,
392,1517011200,0.0,0.0,0.0,0.0,0.0,0.0,direct,
393,1517097600,0.0,0.0,0.0,0.0,0.0,0.0,direct,
394,1517184000,0.0,0.0,0.0,0.0,0.0,0.0,direct,
395,1517270400,0.0,0.0,0.0,0.0,0.0,0.0,direct,
396,1517356800,0.0,0.0,0.0,0.0,0.0,0.0,direct,
397,1517443200,0.0,0.0,0.0,0.0,0.0,0.0,direct,
398,1517529600,0.0,0.0,0.0,0.0,0.0,0.0,direct,
399,1517616000,0.0,0.0,0.0,0.0,0.0,0.0,direct,
400,1517702400,0.0,0.0,0.0,0.0,0.0,0.0,direct,
401,1517788800,0.0,0.0,0.0,0.0,0.0,0.0,direct,
402,1517875200,0.0,0.0,0.0,0.0,0.0,0.0,direct,
403,1517961600,0.0,0.0,0.0,0.0,0.0,0.0,direct,
404,1518048000,0.0,0.0,0.0,0.0,0.0,0.0,direct,
405,1518134400,0.0,0.0,0.0,0.0,0.0,0.0,direct,
406,1518220800,0.0,0.0,0.0,0.0,0.0,0.0,direct,
407,1518307200,0.0,0.0,0.0,0.0,0.0,0.0,direct,
408,1518393600,0.0,0.0,0.0,0.0,0.0,0.0,direct,
409,1518480000,0.0,0.0,0.0,0.0,0.0,0.0,direct,
410,1518566400,0.0,0.0,0.0,0.0,0.0,0.0,direct,
411,1518652800,0.0,0.0,0.0,0.0,0.0,0.0,direct,
412,1518739200,0.0,0.0,0.0,0.0,0.0,0.0,direct,
413,1518825600,0.0,0.0,0.0,0.0,0.0,0.0,direct,
414,1518912000,0.0,0.0,0.0,0.0,0.0,0.0,direct,
415,1518998400,0.0,0.0,0.0,0.0,0.0,0.0,direct,
416,1519084800,0.0,0.0,0.0,0.0,0.0,0.0,direct,
417,1519171200,0.0,0.0,0.0,0.0,0.0,0.0,direct,
418,1519257600,0.0,0.0,0.0,0.0,0.0,0.0,direct,
419,1519344000,0.0,0.0,0.0,0.0,0.0,0.0,direct,
420,1519430400,0.0,0.0,0.0,0.0,0.0,0.0,direct,
421,1519516800,0.0,0.0,0.0,0.0,0.0,0.0,direct,
422,1519603200,0.0,0.0,0.0,0.0,0.0,0.0,direct,
423,1519689600,0.0,0.0,0.0,0.0,0.0,0.0,direct,
424,1519776000,0.0,0.0,0.0,0.0,0.0,0.0,direct,
425,1519862400,0.0,0.0,0.0,0.0,0.0,0.0,direct,
426,1519948800,0.0,0.0,0.0,0.0,0.0,0.0,direct,
427,1520035200,0.0,0.0,0.0,0.0,0.0,0.0,direct,
428,1520121600,0.0,0.0,0.0,0.0,0.0,0.0,direct,
429,1520208000,0.0,0.0,0.0,0.0,0.0,0.0,direct,
430,1520294400,0.0,0.0,0.0,0.0,0.0,0.0,direct,
431,1520380800,0.0,0.0,0.0,0.0,0.0,0.0,direct,
432,1520467200,0.0,0.0,0.0,0.0,0.0,0.0,direct,
433,1520553600,0.0,0.0,0.0,0.0,0.0,0.0,direct,
434,1520640000,0.0,0.0,0.0,0.0,0.0,0.0,direct,
435,1520726400,0.0,0.0,0.0,0.0,0.0,0.0,direct,
436,1520812800,0.0,0.0,0.0,0.0,0.0,0.0,direct,
437,1520899200,0.0,0.0,0.0,0.0,0.0,0.0,direct,
438,1520985600,0.0,0.0,0.0,0.0,0.0,0.0,direct,
439,1521072000,0.0,0.0,0.0,0.0,0.0,0.0,direct,
440,1521158400,0.0,0.0,0.0,0.0,0.0,0.0,direct,
441,1521244800,0.0,0.0,0.0,0.0,0.0,0.0,direct,
442,1521331200,0.0,0.0,0.0,0.0,0.0,0.0,direct,
443,1521417600,0.0,0.0,0.0,0.0,0.0,0.0,direct,
444,1521504000,0.0,0.0,0.0,0.0,0.0,0.0,direct,
445,1521590400,0.0,0.0,0.0,0.0,0.0,0.0,direct,
446,1521676800,0.0,0.0,0.0,0.0,0.0,0.0,direct,
447,1521763200,0.0,0.0,0.0,0.0,0.0,0.0,direct,
448,1521849600,0.0,0.0,0.0,0.0,0.0,0.0,direct,
449,1521936000,0.0,0.0,0.0,0.0,0.0,0.0,direct,
450,1522022400,0.0,0.0,0.0,0.0,0.0,0.0,direct,
451,1522108800,0.0,0.0,0.0,0.0,0.0,0.0,direct,
452,1522195200,0.0,0.0,0.0,0.0,0.0,0.0,direct,
453,1522281600,0.0,0.0,0.0,0.0,0.0,0.0,direct,
454,1522368000,0.0,0.0,0.0,0.0,0.0,0.0,direct,
455,1522454400,0.0,0.0,0.0,0.0,0.0,0.0,direct,
456,1522540800,0.0,0.0,0.0,0.0,0.0,0.0,direct,
457,1522627200,0.0,0.0,0.0,0.0,0.0,0.0,direct,
458,1522713600,0.0,0.0,0.0,0.0,0.0,0.0,direct,
459,1522800000,0.0,0.0,0.0,0.0,0.0,0.0,direct,
460,1522886400,0.0,0.0,0.0,0.0,0.0,0.0,direct,
461,1522972800,0.0,0.0,0.0,0.0,0.0,0.0,direct,
462,1523059200,0.0,0.0,0.0,0.0,0.0,0.0,direct,
463,1523145600,0.0,0.0,0.0,0.0,0.0,0.0,direct,
464,1523232000,0.0,0.0,0.0,0.0,0.0,0.0,direct,
465,1523318400,0.0,0.0,0.0,0.0,0.0,0.0,direct,
466,1523404800,0.0,0.0,0.0,0.0,0.0,0.0,direct,
467,1523491200,0.0,0.0,0.0,0.0,0.0,0.0,direct,
468,1523577600,0.0,0.0,0.0,0.0,0.0,0.0,direct,
469,1523664000,0.0,0.0,0.0,0.0,0.0,0.0,direct,
470,1523750400,0.0,0.0,0.0,0.0,0.0,0.0,direct,
471,1523836800,0.0,0.0,0.0,0.0,0.0,0.0,direct,
472,1523923200,0.0,0.0,0.0,0.0,0.0,0.0,direct,
473,1524009600,0.0,0.0,0.0,0.0,0.0,0.0,direct,
474,1524096000,0.0,0.0,0.0,0.0,0.0,0.0,direct,
475,1524182400,0.0,0.0,0.0,0.0,0.0,0.0,direct,
476,1524268800,0.0,0.0,0.0,0.0,0.0,0.0,direct,
477,1524355200,0.0,0.0,0.0,0.0,0.0,0.0,direct,
478,1524441600,0.0,0.0,0.0,0.0,0.0,0.0,direct,
479,1524528000,0.0,0.0,0.0,0.0,0.0,0.0,direct,
480,1524614400,0.0,0.0,0.0,0.0,0.0,0.0,direct,
481,1524700800,0.0,0.0,0.0,0.0,0.0,0.0,direct,
482,1524787200,0.0,0.0,0.0,0.0,0.0,0.0,direct,
483,1524873600,0.0,0.0,0.0,0.0,0.0,0.0,direct,
484,1524960000,0.0,0.0,0.0,0.0,0.0,0.0,direct,
485,1525046400,0.0,0.0,0.0,0.0,0.0,0.0,direct,
486,1525132800,0.0,0.0,0.0,0.0,0.0,0.0,direct,
487,1525219200,0.0,0.0,0.0,0.0,0.0,0.0,direct,
488,1525305600,0.0,0.0,0.0,0.0,0.0,0.0,direct,
489,1525392000,0.0,0.0,0.0,0.0,0.0,0.0,direct,
490,1525478400,0.0,0.0,0.0,0.0,0.0,0.0,direct,
491,1525564800,0.0,0.0,0.0,0.0,0.0,0.0,direct,
492,1525651200,0.0,0.0,0.0,0.0,0.0,0.0,direct,
493,1525737600,0.0,0.0,0.0,0.0,0.0,0.0,direct,
494,1525824000,0.0,0.0,0.0,0.0,0.0,0.0,direct,
495,1525910400,0.0,0.0,0.0,0.0,0.0,0.0,direct,
496,1525996800,0.0,0.0,0.0,0.0,0.0,0.0,direct,
497,1526083200,0.0,0.0,0.0,0.0,0.0,0.0,direct,
498,1526169600,0.0,0.0,0.0,0.0,0.0,0.0,direct,
499,1526256000,0.0,0.0,0.0,0.0,0.0,0.0,direct,
500,1526342400,0.0,0.0,0.0,0.0,0.0,0.0,direct,
501,1526428800,0.0,0.0,0.0,0.0,0.0,0.0,direct,
502,1526515200,0.0,0.0,0.0,0.0,0.0,0.0,direct,
503,1526601600,0.0,0.0,0.0,0.0,0.0,0.0,direct,
504,1526688000,0.0,0.0,0.0,0.0,0.0,0.0,direct,
505,1526774400,0.0,0.0,0.0,0.0,0.0,0.0,direct,
506,1526860800,0.0,0.0,0.0,0.0,0.0,0.0,direct,
507,1526947200,0.0,0.0,0.0,0.0,0.0,0.0,direct,
508,1527033600,0.0,0.0,0.0,0.0,0.0,0.0,direct,
509,1527120000,0.0,0.0,0.0,0.0,0.0,0.0,direct,
510,1527206400,0.0,0.0,0.0,0.0,0.0,0.0,direct,
511,1527292800,0.0,0.0,0.0,0.0,0.0,0.0,direct,
512,1527379200,0.0,0.0,0.0,0.0,0.0,0.0,direct,
513,1527465600,0.0,0.0,0.0,0.0,0.0,0.0,direct,
514,1527552000,0.0,0.0,0.0,0.0,0.0,0.0,direct,
515,1527638400,0.0,0.0,0.0,0.0,0.0,0.0,direct,
516,1527724800,0.0,0.0,0.0,0.0,0.0,0.0,direct,
517,1527811200,0.0,0.0,0.0,0.0,0.0,0.0,direct,
518,1527897600,0.0,0.0,0.0,0.0,0.0,0.0,direct,
519,1527984000,0.0,0.0,0.0,0.0,0.0,0.0,direct,
520,1528070400,0.0,0.0,0.0,0.0,0.0,0.0,direct,
521,1528156800,0.0,0.0,0.0,0.0,0.0,0.0,direct,
522,1528243200,0.0,0.0,0.0,0.0,0.0,0.0,direct,
523,1528329600,0.0,0.0,0.0,0.0,0.0,0.0,direct,
524,1528416000,0.0,0.0,0.0,0.0,0.0,0.0,direct,
525,1528502400,0.0,0.0,0.0,0.0,0.0,0.0,direct,
526,1528588800,0.0,0.0,0.0,0.0,0.0,0.0,direct,
527,1528675200,0.0,0.0,0.0,0.0,0.0,0.0,direct,
528,1528761600,0.0,0.0,0.0,0.0,0.0,0.0,direct,
529,1528848000,0.0,0.0,0.0,0.0,0.0,0.0,direct,
530,1528934400,0.0,0.0,0.0,0.0,0.0,0.0,direct,
531,1529020800,0.0,0.0,0.0,0.0,0.0,0.0,direct,
532,1529107200,0.0,0.0,0.0,0.0,0.0,0.0,direct,
533,1529193600,0.0,0.0,0.0,0.0,0.0,0.0,direct,
534,1529280000,0.0,0.0,0.0,0.0,0.0,0.0,direct,
535,1529366400,0.0,0.0,0.0,0.0,0.0,0.0,direct,
536,1529452800,0.0,0.0,0.0,0.0,0.0,0.0,direct,
537,1529539200,0.0,0.0,0.0,0.0,0.0,0.0,direct,
538,1529625600,0.0,0.0,0.0,0.0,0.0,0.0,direct,
539,1529712000,0.0,0.0,0.0,0.0,0.0,0.0,direct,
540,1529798400,0.0,0.0,0.0,0.0,0.0,0.0,direct,
541,1529884800,0.0,0.0,0.0,0.0,0.0,0.0,direct,
542,1529971200,0.0,0.0,0.0,0.0,0.0,0.0,direct,
543,1530057600,0.0,0.0,0.0,0.0,0.0,0.0,direct,
544,1530144000,0.0,0.0,0.0,0.0,0.0,0.0,direct,
545,1530230400,0.0,0.0,0.0,0.0,0.0,0.0,direct,
546,1530316800,0.0,0.0,0.0,0.0,0.0,0.0,direct,
547,1530403200,0.0,0.0,0.0,0.0,0.0,0.0,direct,
548,1530489600,0.0,0.0,0.0,0.0,0.0,0.0,direct,
549,1530576000,0.0,0.0,0.0,0.0,0.0,0.0,direct,
550,1530662400,0.0,0.0,0.0,0.0,0.0,0.0,direct,
551,1530748800,0.0,0.0,0.0,0.0,0.0,0.0,direct,
552,1530835200,0.0,0.0,0.0,0.0,0.0,0.0,direct,
553,1530921600,0.0,0.0,0.0,0.0,0.0,0.0,direct,
554,1531008000,0.0,0.0,0.0,0.0,0.0,0.0,direct,
555,1531094400,0.0,0.0,0.0,0.0,0.0,0.0,direct,
556,1531180800,0.0,0.0,0.0,0.0,0.0,0.0,direct,
557,1531267200,0.0,0.0,0.0,0.0,0.0,0.0,direct,
558,1531353600,0.0,0.0,0.0,0.0,0.0,0.0,direct,
559,1531440000,0.0,0.0,0.0,0.0,0.0,0.0,direct,
560,1531526400,0.0,0.0,0.0,0.0,0.0,0.0,direct,
561,1531612800,0.0,0.0,0.0,0.0,0.0,0.0,direct,
562,1531699200,0.0,0.0,0.0,0.0,0.0,0.0,direct,
563,1531785600,0.0,0.0,0.0,0.0,0.0,0.0,direct,
564,1531872000,0.0,0.0,0.0,0.0,0.0,0.0,direct,
565,1531958400,0.0,0.0,0.0,0.0,0.0,0.0,direct,
566,1532044800,0.0,0.0,0.0,0.0,0.0,0.0,direct,
567,1532131200,0.0,0.0,0.0,0.0,0.0,0.0,direct,
568,1532217600,0.0,0.0,0.0,0.0,0.0,0.0,direct,
569,1532304000,0.0,0.0,0.0,0.0,0.0,0.0,direct,
570,1532390400,0.0,0.0,0.0,0.0,0.0,0.0,direct,
571,1532476800,0.0,0.0,0.0,0.0,0.0,0.0,direct,
572,1532563200,0.0,0.0,0.0,0.0,0.0,0.0,direct,
573,1532649600,0.0,0.0,0.0,0.0,0.0,0.0,direct,
574,1532736000,0.0,0.0,0.0,0.0,0.0,0.0,direct,
575,1532822400,0.0,0.0,0.0,0.0,0.0,0.0,direct,
576,1532908800,0.0,0.0,0.0,0.0,0.0,0.0,direct,
577,1532995200,0.0,0.0,0.0,0.0,0.0,0.0,direct,
578,1533081600,0.0,0.0,0.0,0.0,0.0,0.0,direct,
579,1533168000,0.0,0.0,0.0,0.0,0.0,0.0,direct,
580,1533254400,0.0,0.0,0.0,0.0,0.0,0.0,direct,
581,1533340800,0.0,0.0,0.0,0.0,0.0,0.0,direct,
582,1533427200,0.0,0.0,0.0,0.0,0.0,0.0,direct,
583,1533513600,0.0,0.0,0.0,0.0,0.0,0.0,direct,
584,1533600000,0.0,0.0,0.0,0.0,0.0,0.0,direct,
585,1533686400,0.0,0.0,0.0,0.0,0.0,0.0,direct,
586,1533772800,0.0,0.0,0.0,0.0,0.0,0.0,direct,
587,1533859200,0.0,0.0,0.0,0.0,0.0,0.0,direct,
588,1533945600,0.0,0.0,0.0,0.0,0.0,0.0,direct,
589,1534032000,0.0,0.0,0.0,0.0,0.0,0.0,direct,
590,1534118400,0.0,0.0,0.0,0.0,0.0,0.0,direct,
591,1534204800,0.0,0.0,0.0,0.0,0.0,0.0,direct,
592,1534291200,0.0,0.0,0.0,0.0,0.0,0.0,direct,
593,1534377600,0.0,0.0,0.0,0.0,0.0,0.0,direct,
594,1534464000,0.0,0.0,0.0,0.0,0.0,0.0,direct,
595,1534550400,0.0,0.0,0.0,0.0,0.0,0.0,direct,
596,1534636800,0.0,0.0,0.0,0.0,0.0,0.0,direct,
597,1534723200,0.0,0.0,0.0,0.0,0.0,0.0,direct,
598,1534809600,0.0,0.0,0.0,0.0,0.0,0.0,direct,
599,1534896000,0.0,0.0,0.0,0.0,0.0,0.0,direct,
600,1534982400,0.0,0.0,0.0,0.0,0.0,0.0,direct,
601,1535068800,0.0,0.0,0.0,0.0,0.0,0.0,direct,
602,1535155200,0.0,0.0,0.0,0.0,0.0,0.0,direct,
603,1535241600,0.0,0.0,0.0,0.0,0.0,0.0,direct,
604,1535328000,0.0,0.0,0.0,0.0,0.0,0.0,direct,
605,1535414400,0.0,0.0,0.0,0.0,0.0,0.0,direct,
606,1535500800,0.0,0.0,0.0,0.0,0.0,0.0,direct,
607,1535587200,0.0,0.0,0.0,0.0,0.0,0.0,direct,
608,1535673600,0.0,0.0,0.0,0.0,0.0,0.0,direct,
609,1535760000,0.0,0.0,0.0,0.0,0.0,0.0,direct,
610,1535846400,0.0,0.0,0.0,0.0,0.0,0.0,direct,
611,1535932800,0.0,0.0,0.0,0.0,0.0,0.0,direct,
612,1536019200,0.0,0.0,0.0,0.0,0.0,0.0,direct,
613,1536105600,0.0,0.0,0.0,0.0,0.0,0.0,direct,
614,1536192000,0.0,0.0,0.0,0.0,0.0,0.0,direct,
615,1536278400,0.0,0.0,0.0,0.0,0.0,0.0,direct,
616,1536364800,0.0,0.0,0.0,0.0,0.0,0.0,direct,
617,1536451200,0.0,0.0,0.0,0.0,0.0,0.0,direct,
618,1536537600,0.0,0.0,0.0,0.0,0.0,0.0,direct,
619,1536624000,0.0,0.0,0.0,0.0,0.0,0.0,direct,
620,1536710400,0.0,0.0,0.0,0.0,0.0,0.0,direct,
621,1536796800,0.0,0.0,0.0,0.0,0.0,0.0,direct,
622,1536883200,0.0,0.0,0.0,0.0,0.0,0.0,direct,
623,1536969600,0.0,0.0,0.0,0.0,0.0,0.0,direct,
624,1537056000,0.0,0.0,0.0,0.0,0.0,0.0,direct,
625,1537142400,0.0,0.0,0.0,0.0,0.0,0.0,direct,
626,1537228800,0.0,0.0,0.0,0.0,0.0,0.0,direct,
627,1537315200,0.0,0.0,0.0,0.0,0.0,0.0,direct,
628,1537401600,0.0,0.0,0.0,0.0,0.0,0.0,direct,
629,1537488000,0.0,0.0,0.0,0.0,0.0,0.0,direct,
630,1537574400,0.0,0.0,0.0,0.0,0.0,0.0,direct,
631,1537660800,0.0,0.0,0.0,0.0,0.0,0.0,direct,
632,1537747200,0.0,0.0,0.0,0.0,0.0,0.0,direct,
633,1537833600,0.0,0.0,0.0,0.0,0.0,0.0,direct,
634,1537920000,0.0,0.0,0.0,0.0,0.0,0.0,direct,
635,1538006400,0.0,0.0,0.0,0.0,0.0,0.0,direct,
636,1538092800,0.0,0.0,0.0,0.0,0.0,0.0,direct,
637,1538179200,0.0,0.0,0.0,0.0,0.0,0.0,direct,
638,1538265600,0.0,0.0,0.0,0.0,0.0,0.0,direct,
639,1538352000,0.0,0.0,0.0,0.0,0.0,0.0,direct,
640,1538438400,0.0,0.0,0.0,0.0,0.0,0.0,direct,
641,1538524800,0.0,0.0,0.0,0.0,0.0,0.0,direct,
642,1538611200,0.0,0.0,0.0,0.0,0.0,0.0,direct,
643,1538697600,0.0,0.0,0.0,0.0,0.0,0.0,direct,
644,1538784000,0.0,0.0,0.0,0.0,0.0,0.0,direct,
645,1538870400,0.0,0.0,0.0,0.0,0.0,0.0,direct,
646,1538956800,0.0,0.0,0.0,0.0,0.0,0.0,direct,
647,1539043200,0.0,0.0,0.0,0.0,0.0,0.0,direct,
648,1539129600,0.0,0.0,0.0,0.0,0.0,0.0,direct,
649,1539216000,0.0,0.0,0.0,0.0,0.0,0.0,direct,
650,1539302400,0.0,0.0,0.0,0.0,0.0,0.0,direct,
651,1539388800,0.0,0.0,0.0,0.0,0.0,0.0,direct,
652,1539475200,0.0,0.0,0.0,0.0,0.0,0.0,direct,
653,1539561600,0.0,0.0,0.0,0.0,0.0,0.0,direct,
654,1539648000,0.0,0.0,0.0,0.0,0.0,0.0,direct,
655,1539734400,0.0,0.0,0.0,0.0,0.0,0.0,direct,
656,1539820800,0.0,0.0,0.0,0.0,0.0,0.0,direct,
657,1539907200,0.0,0.0,0.0,0.0,0.0,0.0,direct,
658,1539993600,0.0,0.0,0.0,0.0,0.0,0.0,direct,
659,1540080000,0.0,0.0,0.0,0.0,0.0,0.0,direct,
660,1540166400,0.0,0.0,0.0,0.0,0.0,0.0,direct,
661,1540252800,0.0,0.0,0.0,0.0,0.0,0.0,direct,
662,1540339200,0.0,0.0,0.0,0.0,0.0,0.0,direct,
663,1540425600,0.0,0.0,0.0,0.0,0.0,0.0,direct,
664,1540512000,0.0,0.0,0.0,0.0,0.0,0.0,direct,
665,1540598400,0.0,0.0,0.0,0.0,0.0,0.0,direct,
666,1540684800,0.0,0.0,0.0,0.0,0.0,0.0,direct,
667,1540771200,0.0,0.0,0.0,0.0,0.0,0.0,direct,
668,1540857600,0.0,0.0,0.0,0.0,0.0,0.0,direct,
669,1540944000,0.0,0.0,0.0,0.0,0.0,0.0,direct,
670,1541030400,0.0,0.0,0.0,0.0,0.0,0.0,direct,
671,1541116800,0.0,0.0,0.0,0.0,0.0,0.0,direct,
672,1541203200,0.0,0.0,0.0,0.0,0.0,0.0,direct,
673,1541289600,0.0,0.0,0.0,0.0,0.0,0.0,direct,
674,1541376000,0.0,0.0,0.0,0.0,0.0,0.0,direct,
675,1541462400,0.0,0.0,0.0,0.0,0.0,0.0,direct,
676,1541548800,0.0,0.0,0.0,0.0,0.0,0.0,direct,
677,1541635200,0.0,0.0,0.0,0.0,0.0,0.0,direct,
678,1541721600,0.0,0.0,0.0,0.0,0.0,0.0,direct,
679,1541808000,0.0,0.0,0.0,0.0,0.0,0.0,direct,
680,1541894400,0.0,0.0,0.0,0.0,0.0,0.0,direct,
681,1541980800,0.0,0.0,0.0,0.0,0.0,0.0,direct,
682,1542067200,0.0,0.0,0.0,0.0,0.0,0.0,direct,
683,1542153600,0.0,0.0,0.0,0.0,0.0,0.0,direct,
684,1542240000,0.0,0.0,0.0,0.0,0.0,0.0,direct,
685,1542326400,0.0,0.0,0.0,0.0,0.0,0.0,direct,
686,1542412800,0.0,0.0,0.0,0.0,0.0,0.0,direct,
687,1542499200,0.0,0.0,0.0,0.0,0.0,0.0,direct,
688,1542585600,0.0,0.0,0.0,0.0,0.0,0.0,direct,
689,1542672000,0.0,0.0,0.0,0.0,0.0,0.0,direct,
690,1542758400,0.0,0.0,0.0,0.0,0.0,0.0,direct,
691,1542844800,0.0,0.0,0.0,0.0,0.0,0.0,direct,
692,1542931200,0.0,0.0,0.0,0.0,0.0,0.0,direct,
693,1543017600,0.0,0.0,0.0,0.0,0.0,0.0,direct,
694,1543104000,0.0,0.0,0.0,0.0,0.0,0.0,direct,
695,1543190400,0.0,0.0,0.0,0.0,0.0,0.0,direct,
696,1543276800,0.0,0.0,0.0,0.0,0.0,0.0,direct,
697,1543363200,0.0,0.0,0.0,0.0,0.0,0.0,direct,
698,1543449600,0.0,0.0,0.0,0.0,0.0,0.0,direct,
699,1543536000,0.0,0.0,0.0,0.0,0.0,0.0,direct,
700,1543622400,0.0,0.0,0.0,0.0,0.0,0.0,direct,
701,1543708800,0.0,0.0,0.0,0.0,0.0,0.0,direct,
702,1543795200,0.0,0.0,0.0,0.0,0.0,0.0,direct,
703,1543881600,0.0,0.0,0.0,0.0,0.0,0.0,direct,
704,1543968000,0.0,0.0,0.0,0.0,0.0,0.0,direct,
705,1544054400,0.0,0.0,0.0,0.0,0.0,0.0,direct,
706,1544140800,0.0,0.0,0.0,0.0,0.0,0.0,direct,
707,1544227200,0.0,0.0,0.0,0.0,0.0,0.0,direct,
708,1544313600,0.0,0.0,0.0,0.0,0.0,0.0,direct,
709,1544400000,0.0,0.0,0.0,0.0,0.0,0.0,direct,
710,1544486400,0.0,0.0,0.0,0.0,0.0,0.0,direct,
711,1544572800,0.0,0.0,0.0,0.0,0.0,0.0,direct,
712,1544659200,0.0,0.0,0.0,0.0,0.0,0.0,direct,
713,1544745600,0.0,0.0,0.0,0.0,0.0,0.0,direct,
714,1544832000,0.0,0.0,0.0,0.0,0.0,0.0,direct,
715,1544918400,0.0,0.0,0.0,0.0,0.0,0.0,direct,
716,1545004800,0.0,0.0,0.0,0.0,0.0,0.0,direct,
717,1545091200,0.0,0.0,0.0,0.0,0.0,0.0,direct,
718,1545177600,0.0,0.0,0.0,0.0,0.0,0.0,direct,
719,1545264000,0.0,0.0,0.0,0.0,0.0,0.0,direct,
720,1545350400,0.0,0.0,0.0,0.0,0.0,0.0,direct,
721,1545436800,0.0,0.0,0.0,0.0,0.0,0.0,direct,
722,1545523200,0.0,0.0,0.0,0.0,0.0,0.0,direct,
723,1545609600,0.0,0.0,0.0,0.0,0.0,0.0,direct,
724,1545696000,0.0,0.0,0.0,0.0,0.0,0.0,direct,
725,1545782400,0.0,0.0,0.0,0.0,0.0,0.0,direct,
726,1545868800,0.0,0.0,0.0,0.0,0.0,0.0,direct,
727,1545955200,0.0,0.0,0.0,0.0,0.0,0.0,direct,
728,1546041600,0.0,0.0,0.0,0.0,0.0,0.0,direct,
729,1546128000,0.0,0.0,0.0,0.0,0.0,0.0,direct,
730,1546214400,0.0,0.0,0.0,0.0,0.0,0.0,direct,
731,1546300800,0.0,0.0,0.0,0.0,0.0,0.0,direct,
732,1546387200,0.0,0.0,0.0,0.0,0.0,0.0,direct,
733,1546473600,0.0,0.0,0.0,0.0,0.0,0.0,direct,
734,1546560000,0.0,0.0,0.0,0.0,0.0,0.0,direct,
735,1546646400,0.0,0.0,0.0,0.0,0.0,0.0,direct,
736,1546732800,0.0,0.0,0.0,0.0,0.0,0.0,direct,
737,1546819200,0.0,0.0,0.0,0.0,0.0,0.0,direct,
738,1546905600,0.0,0.0,0.0,0.0,0.0,0.0,direct,
739,1546992000,0.0,0.0,0.0,0.0,0.0,0.0,direct,
740,1547078400,0.0,0.0,0.0,0.0,0.0,0.0,direct,
741,1547164800,0.0,0.0,0.0,0.0,0.0,0.0,direct,
742,1547251200,0.0,0.0,0.0,0.0,0.0,0.0,direct,
743,1547337600,0.0,0.0,0.0,0.0,0.0,0.0,direct,
744,1547424000,0.0,0.0,0.0,0.0,0.0,0.0,direct,
745,1547510400,0.0,0.0,0.0,0.0,0.0,0.0,direct,
746,1547596800,0.0,0.0,0.0,0.0,0.0,0.0,direct,
747,1547683200,0.0,0.0,0.0,0.0,0.0,0.0,direct,
748,1547769600,0.0,0.0,0.0,0.0,0.0,0.0,direct,
749,1547856000,0.0,0.0,0.0,0.0,0.0,0.0,direct,
750,1547942400,0.0,0.0,0.0,0.0,0.0,0.0,direct,
751,1548028800,0.0,0.0,0.0,0.0,0.0,0.0,direct,
752,1548115200,0.0,0.0,0.0,0.0,0.0,0.0,direct,
753,1548201600,0.0,0.0,0.0,0.0,0.0,0.0,direct,
754,1548288000,0.0,0.0,0.0,0.0,0.0,0.0,direct,
755,1548374400,0.0,0.0,0.0,0.0,0.0,0.0,direct,
756,1548460800,0.0,0.0,0.0,0.0,0.0,0.0,direct,
757,1548547200,0.0,0.0,0.0,0.0,0.0,0.0,direct,
758,1548633600,0.0,0.0,0.0,0.0,0.0,0.0,direct,
759,1548720000,0.0,0.0,0.0,0.0,0.0,0.0,direct,
760,1548806400,0.0,0.0,0.0,0.0,0.0,0.0,direct,
761,1548892800,0.0,0.0,0.0,0.0,0.0,0.0,direct,
762,1548979200,0.0,0.0,0.0,0.0,0.0,0.0,direct,
763,1549065600,0.0,0.0,0.0,0.0,0.0,0.0,direct,
764,1549152000,0.0,0.0,0.0,0.0,0.0,0.0,direct,
765,1549238400,0.0,0.0,0.0,0.0,0.0,0.0,direct,
766,1549324800,0.0,0.0,0.0,0.0,0.0,0.0,direct,
767,1549411200,0.0,0.0,0.0,0.0,0.0,0.0,direct,
768,1549497600,0.0,0.0,0.0,0.0,0.0,0.0,direct,
769,1549584000,0.0,0.0,0.0,0.0,0.0,0.0,direct,
770,1549670400,0.0,0.0,0.0,0.0,0.0,0.0,direct,
771,1549756800,0.0,0.0,0.0,0.0,0.0,0.0,direct,
772,1549843200,0.0,0.0,0.0,0.0,0.0,0.0,direct,
773,1549929600,0.0,0.0,0.0,0.0,0.0,0.0,direct,
774,1550016000,0.0,0.0,0.0,0.0,0.0,0.0,direct,
775,1550102400,0.0,0.0,0.0,0.0,0.0,0.0,direct,
776,1550188800,0.0,0.0,0.0,0.0,0.0,0.0,direct,
777,1550275200,0.0,0.0,0.0,0.0,0.0,0.0,direct,
778,1550361600,0.0,0.0,0.0,0.0,0.0,0.0,direct,
779,1550448000,0.0,0.0,0.0,0.0,0.0,0.0,direct,
780,1550534400,0.0,0.0,0.0,0.0,0.0,0.0,direct,
781,1550620800,0.0,0.0,0.0,0.0,0.0,0.0,direct,
782,1550707200,0.0,0.0,0.0,0.0,0.0,0.0,direct,
783,1550793600,0.0,0.0,0.0,0.0,0.0,0.0,direct,
784,1550880000,0.0,0.0,0.0,0.0,0.0,0.0,direct,
785,1550966400,0.0,0.0,0.0,0.0,0.0,0.0,direct,
786,1551052800,0.0,0.0,0.0,0.0,0.0,0.0,direct,
787,1551139200,0.0,0.0,0.0,0.0,0.0,0.0,direct,
788,1551225600,0.0,0.0,0.0,0.0,0.0,0.0,direct,
789,1551312000,0.0,0.0,0.0,0.0,0.0,0.0,direct,
790,1551398400,0.0,0.0,0.0,0.0,0.0,0.0,direct,
791,1551484800,0.0,0.0,0.0,0.0,0.0,0.0,direct,
792,1551571200,0.0,0.0,0.0,0.0,0.0,0.0,direct,
793,1551657600,0.0,0.0,0.0,0.0,0.0,0.0,direct,
794,1551744000,0.0,0.0,0.0,0.0,0.0,0.0,direct,
795,1551830400,0.0,0.0,0.0,0.0,0.0,0.0,direct,
796,1551916800,0.0,0.0,0.0,0.0,0.0,0.0,direct,
797,1552003200,0.0,0.0,0.0,0.0,0.0,0.0,direct,
798,1552089600,0.0,0.0,0.0,0.0,0.0,0.0,direct,
799,1552176000,0.0,0.0,0.0,0.0,0.0,0.0,direct,
800,1552262400,0.0,0.0,0.0,0.0,0.0,0.0,direct,
801,1552348800,0.0,0.0,0.0,0.0,0.0,0.0,direct,
802,1552435200,0.0,0.0,0.0,0.0,0.0,0.0,direct,
803,1552521600,0.0,0.0,0.0,0.0,0.0,0.0,direct,
804,1552608000,0.0,0.0,0.0,0.0,0.0,0.0,direct,
805,1552694400,0.0,0.0,0.0,0.0,0.0,0.0,direct,
806,1552780800,0.0,0.0,0.0,0.0,0.0,0.0,direct,
807,1552867200,0.0,0.0,0.0,0.0,0.0,0.0,direct,
808,1552953600,0.0,0.0,0.0,0.0,0.0,0.0,direct,
809,1553040000,0.0,0.0,0.0,0.0,0.0,0.0,direct,
810,1553126400,0.0,0.0,0.0,0.0,0.0,0.0,direct,
811,1553212800,0.0,0.0,0.0,0.0,0.0,0.0,direct,
812,1553299200,0.0,0.0,0.0,0.0,0.0,0.0,direct,
813,1553385600,0.0,0.0,0.0,0.0,0.0,0.0,direct,
814,1553472000,0.0,0.0,0.0,0.0,0.0,0.0,direct,
815,1553558400,0.0,0.0,0.0,0.0,0.0,0.0,direct,
816,1553644800,0.0,0.0,0.0,0.0,0.0,0.0,direct,
817,1553731200,0.0,0.0,0.0,0.0,0.0,0.0,direct,
818,1553817600,0.0,0.0,0.0,0.0,0.0,0.0,direct,
819,1553904000,0.0,0.0,0.0,0.0,0.0,0.0,direct,
820,1553990400,0.0,0.0,0.0,0.0,0.0,0.0,direct,
821,1554076800,0.0,0.0,0.0,0.0,0.0,0.0,direct,
822,1554163200,0.0,0.0,0.0,0.0,0.0,0.0,direct,
823,1554249600,0.0,0.0,0.0,0.0,0.0,0.0,direct,
824,1554336000,0.0,0.0,0.0,0.0,0.0,0.0,direct,
825,1554422400,0.0,0.0,0.0,0.0,0.0,0.0,direct,
826,1554508800,0.0,0.0,0.0,0.0,0.0,0.0,direct,
827,1554595200,0.0,0.0,0.0,0.0,0.0,0.0,direct,
828,1554681600,0.0,0.0,0.0,0.0,0.0,0.0,direct,
829,1554768000,0.0,0.0,0.0,0.0,0.0,0.0,direct,
830,1554854400,0.0,0.0,0.0,0.0,0.0,0.0,direct,
831,1554940800,0.0,0.0,0.0,0.0,0.0,0.0,direct,
832,1555027200,0.0,0.0,0.0,0.0,0.0,0.0,direct,
833,1555113600,0.0,0.0,0.0,0.0,0.0,0.0,direct,
834,1555200000,0.0,0.0,0.0,0.0,0.0,0.0,direct,
835,1555286400,0.0,0.0,0.0,0.0,0.0,0.0,direct,
836,1555372800,0.0,0.0,0.0,0.0,0.0,0.0,direct,
837,1555459200,0.0,0.0,0.0,0.0,0.0,0.0,direct,
838,1555545600,0.0,0.0,0.0,0.0,0.0,0.0,direct,
839,1555632000,0.0,0.0,0.0,0.0,0.0,0.0,direct,
840,1555718400,0.0,0.0,0.0,0.0,0.0,0.0,direct,
841,1555804800,0.0,0.0,0.0,0.0,0.0,0.0,direct,
842,1555891200,0.0,0.0,0.0,0.0,0.0,0.0,direct,
843,1555977600,0.0,0.0,0.0,0.0,0.0,0.0,direct,
844,1556064000,0.0,0.0,0.0,0.0,0.0,0.0,direct,
845,1556150400,0.0,0.0,0.0,0.0,0.0,0.0,direct,
846,1556236800,0.0,0.0,0.0,0.0,0.0,0.0,direct,
847,1556323200,0.0,0.0,0.0,0.0,0.0,0.0,direct,
848,1556409600,0.0,0.0,0.0,0.0,0.0,0.0,direct,
849,1556496000,0.0,0.0,0.0,0.0,0.0,0.0,direct,
850,1556582400,0.0,0.0,0.0,0.0,0.0,0.0,direct,
851,1556668800,0.0,0.0,0.0,0.0,0.0,0.0,direct,
852,1556755200,0.0,0.0,0.0,0.0,0.0,0.0,direct,
853,1556841600,0.0,0.0,0.0,0.0,0.0,0.0,direct,
854,1556928000,0.0,0.0,0.0,0.0,0.0,0.0,direct,
855,1557014400,0.0,0.0,0.0,0.0,0.0,0.0,direct,
856,1557100800,0.0,0.0,0.0,0.0,0.0,0.0,direct,
857,1557187200,0.0,0.0,0.0,0.0,0.0,0.0,direct,
858,1557273600,0.0,0.0,0.0,0.0,0.0,0.0,direct,
859,1557360000,0.0,0.0,0.0,0.0,0.0,0.0,direct,
860,1557446400,0.0,0.0,0.0,0.0,0.0,0.0,direct,
861,1557532800,0.0,0.0,0.0,0.0,0.0,0.0,direct,
862,1557619200,0.0,0.0,0.0,0.0,0.0,0.0,direct,
863,1557705600,0.0,0.0,0.0,0.0,0.0,0.0,direct,
864,1557792000,0.0,0.0,0.0,0.0,0.0,0.0,direct,
865,1557878400,0.0,0.0,0.0,0.0,0.0,0.0,direct,
866,1557964800,0.0,0.0,0.0,0.0,0.0,0.0,direct,
867,1558051200,0.0,0.0,0.0,0.0,0.0,0.0,direct,
868,1558137600,0.0,0.0,0.0,0.0,0.0,0.0,direct,
869,1558224000,0.0,0.0,0.0,0.0,0.0,0.0,direct,
870,1558310400,0.0,0.0,0.0,0.0,0.0,0.0,direct,
871,1558396800,0.0,0.0,0.0,0.0,0.0,0.0,direct,
872,1558483200,0.0,0.0,0.0,0.0,0.0,0.0,direct,
873,1558569600,0.0,0.0,0.0,0.0,0.0,0.0,direct,
874,1558656000,0.0,0.0,0.0,0.0,0.0,0.0,direct,
875,1558742400,0.0,0.0,0.0,0.0,0.0,0.0,direct,
876,1558828800,0.0,0.0,0.0,0.0,0.0,0.0,direct,
877,1558915200,0.0,0.0,0.0,0.0,0.0,0.0,direct,
878,1559001600,0.0,0.0,0.0,0.0,0.0,0.0,direct,
879,1559088000,0.0,0.0,0.0,0.0,0.0,0.0,direct,
880,1559174400,0.0,0.0,0.0,0.0,0.0,0.0,direct,
881,1559260800,0.0,0.0,0.0,0.0,0.0,0.0,direct,
882,1559347200,0.0,0.0,0.0,0.0,0.0,0.0,direct,
883,1559433600,0.0,0.0,0.0,0.0,0.0,0.0,direct,
884,1559520000,0.0,0.0,0.0,0.0,0.0,0.0,direct,
885,1559606400,0.0,0.0,0.0,0.0,0.0,0.0,direct,
886,1559692800,0.0,0.0,0.0,0.0,0.0,0.0,direct,
887,1559779200,0.0,0.0,0.0,0.0,0.0,0.0,direct,
888,1559865600,0.0,0.0,0.0,0.0,0.0,0.0,direct,
889,1559952000,0.0,0.0,0.0,0.0,0.0,0.0,direct,
890,1560038400,0.0,0.0,0.0,0.0,0.0,0.0,direct,
891,1560124800,0.0,0.0,0.0,0.0,0.0,0.0,direct,
892,1560211200,0.0,0.0,0.0,0.0,0.0,0.0,direct,
893,1560297600,0.0,0.0,0.0,0.0,0.0,0.0,direct,
894,1560384000,0.0,0.0,0.0,0.0,0.0,0.0,direct,
895,1560470400,0.0,0.0,0.0,0.0,0.0,0.0,direct,
896,1560556800,0.0,0.0,0.0,0.0,0.0,0.0,direct,
897,1560643200,0.0,0.0,0.0,0.0,0.0,0.0,direct,
898,1560729600,0.0,0.0,0.0,0.0,0.0,0.0,direct,
899,1560816000,0.0,0.0,0.0,0.0,0.0,0.0,direct,
900,1560902400,0.0,0.0,0.0,0.0,0.0,0.0,direct,
901,1560988800,0.0,0.0,0.0,0.0,0.0,0.0,direct,
902,1561075200,0.0,0.0,0.0,0.0,0.0,0.0,direct,
903,1561161600,0.0,0.0,0.0,0.0,0.0,0.0,direct,
904,1561248000,0.0,0.0,0.0,0.0,0.0,0.0,direct,
905,1561334400,0.0,0.0,0.0,0.0,0.0,0.0,direct,
906,1561420800,0.0,0.0,0.0,0.0,0.0,0.0,direct,
907,1561507200,0.0,0.0,0.0,0.0,0.0,0.0,direct,
908,1561593600,0.0,0.0,0.0,0.0,0.0,0.0,direct,
909,1561680000,0.0,0.0,0.0,0.0,0.0,0.0,direct,
910,1561766400,0.0,0.0,0.0,0.0,0.0,0.0,direct,
911,1561852800,0.0,0.0,0.0,0.0,0.0,0.0,direct,
912,1561939200,0.0,0.0,0.0,0.0,0.0,0.0,direct,
913,1562025600,0.0,0.0,0.0,0.0,0.0,0.0,direct,
914,1562112000,0.0,0.0,0.0,0.0,0.0,0.0,direct,
915,1562198400,0.0,0.0,0.0,0.0,0.0,0.0,direct,
916,1562284800,0.0,0.0,0.0,0.0,0.0,0.0,direct,
917,1562371200,0.0,0.0,0.0,0.0,0.0,0.0,direct,
918,1562457600,0.0,0.0,0.0,0.0,0.0,0.0,direct,
919,1562544000,0.0,0.0,0.0,0.0,0.0,0.0,direct,
920,1562630400,0.0,0.0,0.0,0.0,0.0,0.0,direct,
921,1562716800,0.0,0.0,0.0,0.0,0.0,0.0,direct,
922,1562803200,0.0,0.0,0.0,0.0,0.0,0.0,direct,
923,1562889600,0.0,0.0,0.0,0.0,0.0,0.0,direct,
924,1562976000,0.0,0.0,0.0,0.0,0.0,0.0,direct,
925,1563062400,0.0,0.0,0.0,0.0,0.0,0.0,direct,
926,1563148800,0.0,0.0,0.0,0.0,0.0,0.0,direct,
927,1563235200,0.0,0.0,0.0,0.0,0.0,0.0,direct,
928,1563321600,0.0,0.0,0.0,0.0,0.0,0.0,direct,
929,1563408000,0.0,0.0,0.0,0.0,0.0,0.0,direct,
930,1563494400,0.0,0.0,0.0,0.0,0.0,0.0,direct,
931,1563580800,0.0,0.0,0.0,0.0,0.0,0.0,direct,
932,1563667200,0.0,0.0,0.0,0.0,0.0,0.0,direct,
933,1563753600,0.0,0.0,0.0,0.0,0.0,0.0,direct,
934,1563840000,0.0,0.0,0.0,0.0,0.0,0.0,direct,
935,1563926400,0.0,0.0,0.0,0.0,0.0,0.0,direct,
936,1564012800,0.0,0.0,0.0,0.0,0.0,0.0,direct,
937,1564099200,0.0,0.0,0.0,0.0,0.0,0.0,direct,
938,1564185600,0.0,0.0,0.0,0.0,0.0,0.0,direct,
939,1564272000,0.0,0.0,0.0,0.0,0.0,0.0,direct,
940,1564358400,0.0,0.0,0.0,0.0,0.0,0.0,direct,
941,1564444800,0.0,0.0,0.0,0.0,0.0,0.0,direct,
942,1564531200,0.0,0.0,0.0,0.0,0.0,0.0,direct,
943,1564617600,0.0,0.0,0.0,0.0,0.0,0.0,direct,
944,1564704000,0.0,0.0,0.0,0.0,0.0,0.0,direct,
945,1564790400,0.0,0.0,0.0,0.0,0.0,0.0,direct,
946,1564876800,0.0,0.0,0.0,0.0,0.0,0.0,direct,
947,1564963200,0.0,0.0,0.0,0.0,0.0,0.0,direct,
948,1565049600,0.0,0.0,0.0,0.0,0.0,0.0,direct,
949,1565136000,0.0,0.0,0.0,0.0,0.0,0.0,direct,
950,1565222400,0.0,0.0,0.0,0.0,0.0,0.0,direct,
951,1565308800,0.0,0.0,0.0,0.0,0.0,0.0,direct,
952,1565395200,0.0,0.0,0.0,0.0,0.0,0.0,direct,
953,1565481600,0.0,0.0,0.0,0.0,0.0,0.0,direct,
954,1565568000,0.0,0.0,0.0,0.0,0.0,0.0,direct,
955,1565654400,0.0,0.0,0.0,0.0,0.0,0.0,direct,
956,1565740800,0.0,0.0,0.0,0.0,0.0,0.0,direct,
957,1565827200,0.0,0.0,0.0,0.0,0.0,0.0,direct,
958,1565913600,0.0,0.0,0.0,0.0,0.0,0.0,direct,
959,1566000000,0.0,0.0,0.0,0.0,0.0,0.0,direct,
960,1566086400,0.0,0.0,0.0,0.0,0.0,0.0,direct,
961,1566172800,0.0,0.0,0.0,0.0,0.0,0.0,direct,
962,1566259200,0.0,0.0,0.0,0.0,0.0,0.0,direct,
963,1566345600,0.0,0.0,0.0,0.0,0.0,0.0,direct,
964,1566432000,0.0,0.0,0.0,0.0,0.0,0.0,direct,
965,1566518400,0.0,0.0,0.0,0.0,0.0,0.0,direct,
966,1566604800,0.0,0.0,0.0,0.0,0.0,0.0,direct,
967,1566691200,0.0,0.0,0.0,0.0,0.0,0.0,direct,
968,1566777600,0.0,0.0,0.0,0.0,0.0,0.0,direct,
969,1566864000,0.0,0.0,0.0,0.0,0.0,0.0,direct,
970,1566950400,0.0,0.0,0.0,0.0,0.0,0.0,direct,
971,1567036800,0.0,0.0,0.0,0.0,0.0,0.0,direct,
972,1567123200,0.0,0.0,0.0,0.0,0.0,0.0,direct,
973,1567209600,0.0,0.0,0.0,0.0,0.0,0.0,direct,
974,1567296000,0.0,0.0,0.0,0.0,0.0,0.0,direct,
975,1567382400,0.0,0.0,0.0,0.0,0.0,0.0,direct,
976,1567468800,0.0,0.0,0.0,0.0,0.0,0.0,direct,
977,1567555200,0.0,0.0,0.0,0.0,0.0,0.0,direct,
978,1567641600,0.0,0.0,0.0,0.0,0.0,0.0,direct,
979,1567728000,0.0,0.0,0.0,0.0,0.0,0.0,direct,
980,1567814400,0.0,0.0,0.0,0.0,0.0,0.0,direct,
981,1567900800,0.0,0.0,0.0,0.0,0.0,0.0,direct,
982,1567987200,0.0,0.0,0.0,0.0,0.0,0.0,direct,
983,1568073600,0.0,0.0,0.0,0.0,0.0,0.0,direct,
984,1568160000,0.0,0.0,0.0,0.0,0.0,0.0,direct,
985,1568246400,0.0,0.0,0.0,0.0,0.0,0.0,direct,
986,1568332800,0.0,0.0,0.0,0.0,0.0,0.0,direct,
987,1568419200,0.0,0.0,0.0,0.0,0.0,0.0,direct,
988,1568505600,0.0,0.0,0.0,0.0,0.0,0.0,direct,
989,1568592000,0.0,0.0,0.0,0.0,0.0,0.0,direct,
990,1568678400,0.0,0.0,0.0,0.0,0.0,0.0,direct,
991,1568764800,0.0,0.0,0.0,0.0,0.0,0.0,direct,
992,1568851200,0.0,0.0,0.0,0.0,0.0,0.0,direct,
993,1568937600,0.0,0.0,0.0,0.0,0.0,0.0,direct,
994,1569024000,0.0,0.0,0.0,0.0,0.0,0.0,direct,
995,1569110400,0.0,0.0,0.0,0.0,0.0,0.0,direct,
996,1569196800,0.0,0.0,0.0,0.0,0.0,0.0,direct,
997,1569283200,0.0,0.0,0.0,0.0,0.0,0.0,direct,
998,1569369600,0.0,0.0,0.0,0.0,0.0,0.0,direct,
999,1569456000,0.0,0.0,0.0,0.0,0.0,0.0,direct,
1000,1569542400,0.0,0.0,0.0,0.0,0.0,0.0,direct,
1001,1569628800,0.0,0.0,0.0,0.0,0.0,0.0,direct,
1002,1569715200,0.0,0.0,0.0,0.0,0.0,0.0,direct,
1003,1569801600,0.0,0.0,0.0,0.0,0.0,0.0,direct,
1004,1569888000,0.0,0.0,0.0,0.0,0.0,0.0,direct,
1005,1569974400,0.0,0.0,0.0,0.0,0.0,0.0,direct,
1006,1570060800,0.0,0.0,0.0,0.0,0.0,0.0,direct,
1007,1570147200,0.0,0.0,0.0,0.0,0.0,0.0,direct,
1008,1570233600,0.0,0.0,0.0,0.0,0.0,0.0,direct,
1009,1570320000,0.0,0.0,0.0,0.0,0.0,0.0,direct,
1010,1570406400,0.0,0.0,0.0,0.0,0.0,0.0,direct,
1011,1570492800,0.0,0.0,0.0,0.0,0.0,0.0,direct,
1012,1570579200,0.0,0.0,0.0,0.0,0.0,0.0,direct,
1013,1570665600,0.0,0.0,0.0,0.0,0.0,0.0,direct,
1014,1570752000,0.0,0.0,0.0,0.0,0.0,0.0,direct,
1015,1570838400,0.0,0.0,0.0,0.0,0.0,0.0,direct,
1016,1570924800,0.0,0.0,0.0,0.0,0.0,0.0,direct,
1017,1571011200,0.0,0.0,0.0,0.0,0.0,0.0,direct,
1018,1571097600,0.0,0.0,0.0,0.0,0.0,0.0,direct,
1019,1571184000,0.0,0.0,0.0,0.0,0.0,0.0,direct,
1020,1571270400,0.0,0.0,0.0,0.0,0.0,0.0,direct,
1021,1571356800,0.0,0.0,0.0,0.0,0.0,0.0,direct,
1022,1571443200,0.0,0.0,0.0,0.0,0.0,0.0,direct,
1023,1571529600,0.0,0.0,0.0,0.0,0.0,0.0,direct,
1024,1571616000,0.0,0.0,0.0,0.0,0.0,0.0,direct,
1025,1571702400,0.0,0.0,0.0,0.0,0.0,0.0,direct,
1026,1571788800,0.0,0.0,0.0,0.0,0.0,0.0,direct,
1027,1571875200,0.0,0.0,0.0,0.0,0.0,0.0,direct,
1028,1571961600,0.0,0.0,0.0,0.0,0.0,0.0,direct,
1029,1572048000,0.0,0.0,0.0,0.0,0.0,0.0,direct,
1030,1572134400,0.0,0.0,0.0,0.0,0.0,0.0,direct,
1031,1572220800,0.0,0.0,0.0,0.0,0.0,0.0,direct,
1032,1572307200,0.0,0.0,0.0,0.0,0.0,0.0,direct,
1033,1572393600,0.0,0.0,0.0,0.0,0.0,0.0,direct,
1034,1572480000,0.0,0.0,0.0,0.0,0.0,0.0,direct,
1035,1572566400,0.0,0.0,0.0,0.0,0.0,0.0,direct,
1036,1572652800,0.0,0.0,0.0,0.0,0.0,0.0,direct,
1037,1572739200,0.0,0.0,0.0,0.0,0.0,0.0,direct,
1038,1572825600,0.0,0.0,0.0,0.0,0.0,0.0,direct,
1039,1572912000,0.0,0.0,0.0,0.0,0.0,0.0,direct,
1040,1572998400,0.0,0.0,0.0,0.0,0.0,0.0,direct,
1041,1573084800,0.0,0.0,0.0,0.0,0.0,0.0,direct,
1042,1573171200,0.0,0.0,0.0,0.0,0.0,0.0,direct,
1043,1573257600,0.0,0.0,0.0,0.0,0.0,0.0,direct,
1044,1573344000,0.0,0.0,0.0,0.0,0.0,0.0,direct,
1045,1573430400,0.0,0.0,0.0,0.0,0.0,0.0,direct,
1046,1573516800,0.0,0.0,0.0,0.0,0.0,0.0,direct,
1047,1573603200,0.0,0.0,0.0,0.0,0.0,0.0,direct,
1048,1573689600,0.0,0.0,0.0,0.0,0.0,0.0,direct,
1049,1573776000,0.0,0.0,0.0,0.0,0.0,0.0,direct,
1050,1573862400,0.0,0.0,0.0,0.0,0.0,0.0,direct,
1051,1573948800,0.0,0.0,0.0,0.0,0.0,0.0,direct,
1052,1574035200,0.0,0.0,0.0,0.0,0.0,0.0,direct,
1053,1574121600,0.0,0.0,0.0,0.0,0.0,0.0,direct,
1054,1574208000,0.0,0.0,0.0,0.0,0.0,0.0,direct,
1055,1574294400,0.0,0.0,0.0,0.0,0.0,0.0,direct,
1056,1574380800,0.0,0.0,0.0,0.0,0.0,0.0,direct,
1057,1574467200,0.0,0.0,0.0,0.0,0.0,0.0,direct,
1058,1574553600,0.0,0.0,0.0,0.0,0.0,0.0,direct,
1059,1574640000,0.0,0.0,0.0,0.0,0.0,0.0,direct,
1060,1574726400,0.0,0.0,0.0,0.0,0.0,0.0,direct,
1061,1574812800,0.0,0.0,0.0,0.0,0.0,0.0,direct,
1062,1574899200,0.0,0.0,0.0,0.0,0.0,0.0,direct,
1063,1574985600,0.0,0.0,0.0,0.0,0.0,0.0,direct,
1064,1575072000,0.0,0.0,0.0,0.0,0.0,0.0,direct,
1065,1575158400,0.0,0.0,0.0,0.0,0.0,0.0,direct,
1066,1575244800,0.0,0.0,0.0,0.0,0.0,0.0,direct,
1067,1575331200,0.0,0.0,0.0,0.0,0.0,0.0,direct,
1068,1575417600,0.0,0.0,0.0,0.0,0.0,0.0,direct,
1069,1575504000,0.0,0.0,0.0,0.0,0.0,0.0,direct,
1070,1575590400,0.0,0.0,0.0,0.0,0.0,0.0,direct,
1071,1575676800,0.0,0.0,0.0,0.0,0.0,0.0,direct,
1072,1575763200,0.0,0.0,0.0,0.0,0.0,0.0,direct,
1073,1575849600,0.0,0.0,0.0,0.0,0.0,0.0,direct,
1074,1575936000,0.0,0.0,0.0,0.0,0.0,0.0,direct,
1075,1576022400,0.0,0.0,0.0,0.0,0.0,0.0,direct,
1076,1576108800,0.0,0.0,0.0,0.0,0.0,0.0,direct,
1077,1576195200,0.0,0.0,0.0,0.0,0.0,0.0,direct,
1078,1576281600,0.0,0.0,0.0,0.0,0.0,0.0,direct,
1079,1576368000,0.0,0.0,0.0,0.0,0.0,0.0,direct,
1080,1576454400,0.0,0.0,0.0,0.0,0.0,0.0,direct,
1081,1576540800,0.0,0.0,0.0,0.0,0.0,0.0,direct,
1082,1576627200,0.0,0.0,0.0,0.0,0.0,0.0,direct,
1083,1576713600,0.0,0.0,0.0,0.0,0.0,0.0,direct,
1084,1576800000,0.0,0.0,0.0,0.0,0.0,0.0,direct,
1085,1576886400,0.0,0.0,0.0,0.0,0.0,0.0,direct,
1086,1576972800,0.0,0.0,0.0,0.0,0.0,0.0,direct,
1087,1577059200,0.0,0.0,0.0,0.0,0.0,0.0,direct,
1088,1577145600,0.0,0.0,0.0,0.0,0.0,0.0,direct,
1089,1577232000,0.0,0.0,0.0,0.0,0.0,0.0,direct,
1090,1577318400,0.0,0.0,0.0,0.0,0.0,0.0,direct,
1091,1577404800,0.0,0.0,0.0,0.0,0.0,0.0,direct,
1092,1577491200,0.0,0.0,0.0,0.0,0.0,0.0,direct,
1093,1577577600,0.0,0.0,0.0,0.0,0.0,0.0,direct,
1094,1577664000,0.0,0.0,0.0,0.0,0.0,0.0,direct,
1095,1577750400,0.0,0.0,0.0,0.0,0.0,0.0,direct,
1096,1577836800,0.0,0.0,0.0,0.0,0.0,0.0,direct,
1097,1577923200,0.0,0.0,0.0,0.0,0.0,0.0,direct,
1098,1578009600,0.0,0.0,0.0,0.0,0.0,0.0,direct,
1099,1578096000,0.0,0.0,0.0,0.0,0.0,0.0,direct,
1100,1578182400,0.0,0.0,0.0,0.0,0.0,0.0,direct,
1101,1578268800,0.0,0.0,0.0,0.0,0.0,0.0,direct,
1102,1578355200,0.0,0.0,0.0,0.0,0.0,0.0,direct,
1103,1578441600,0.0,0.0,0.0,0.0,0.0,0.0,direct,
1104,1578528000,0.0,0.0,0.0,0.0,0.0,0.0,direct,
1105,1578614400,0.0,0.0,0.0,0.0,0.0,0.0,direct,
1106,1578700800,0.0,0.0,0.0,0.0,0.0,0.0,direct,
1107,1578787200,0.0,0.0,0.0,0.0,0.0,0.0,direct,
1108,1578873600,0.0,0.0,0.0,0.0,0.0,0.0,direct,
1109,1578960000,0.0,0.0,0.0,0.0,0.0,0.0,direct,
1110,1579046400,0.0,0.0,0.0,0.0,0.0,0.0,direct,
1111,1579132800,0.0,0.0,0.0,0.0,0.0,0.0,direct,
1112,1579219200,0.0,0.0,0.0,0.0,0.0,0.0,direct,
1113,1579305600,0.0,0.0,0.0,0.0,0.0,0.0,direct,
1114,1579392000,0.0,0.0,0.0,0.0,0.0,0.0,direct,
1115,1579478400,0.0,0.0,0.0,0.0,0.0,0.0,direct,
1116,1579564800,0.0,0.0,0.0,0.0,0.0,0.0,direct,
1117,1579651200,0.0,0.0,0.0,0.0,0.0,0.0,direct,
1118,1579737600,0.0,0.0,0.0,0.0,0.0,0.0,direct,
1119,1579824000,0.0,0.0,0.0,0.0,0.0,0.0,direct,
1120,1579910400,0.0,0.0,0.0,0.0,0.0,0.0,direct,
1121,1579996800,0.0,0.0,0.0,0.0,0.0,0.0,direct,
1122,1580083200,0.0,0.0,0.0,0.0,0.0,0.0,direct,
1123,1580169600,0.0,0.0,0.0,0.0,0.0,0.0,direct,
1124,1580256000,0.0,0.0,0.0,0.0,0.0,0.0,direct,
1125,1580342400,0.0,0.0,0.0,0.0,0.0,0.0,direct,
1126,1580428800,0.0,0.0,0.0,0.0,0.0,0.0,direct,
1127,1580515200,0.0,0.0,0.0,0.0,0.0,0.0,direct,
1128,1580601600,0.0,0.0,0.0,0.0,0.0,0.0,direct,
1129,1580688000,0.0,0.0,0.0,0.0,0.0,0.0,direct,
1130,1580774400,0.0,0.0,0.0,0.0,0.0,0.0,direct,
1131,1580860800,0.0,0.0,0.0,0.0,0.0,0.0,direct,
1132,1580947200,0.0,0.0,0.0,0.0,0.0,0.0,direct,
1133,1581033600,0.0,0.0,0.0,0.0,0.0,0.0,direct,
1134,1581120000,0.0,0.0,0.0,0.0,0.0,0.0,direct,
1135,1581206400,0.0,0.0,0.0,0.0,0.0,0.0,direct,
1136,1581292800,0.0,0.0,0.0,0.0,0.0,0.0,direct,
1137,1581379200,0.0,0.0,0.0,0.0,0.0,0.0,direct,
1138,1581465600,0.0,0.0,0.0,0.0,0.0,0.0,direct,
1139,1581552000,0.0,0.0,0.0,0.0,0.0,0.0,direct,
1140,1581638400,0.0,0.0,0.0,0.0,0.0,0.0,direct,
1141,1581724800,0.0,0.0,0.0,0.0,0.0,0.0,direct,
1142,1581811200,0.0,0.0,0.0,0.0,0.0,0.0,direct,
1143,1581897600,0.0,0.0,0.0,0.0,0.0,0.0,direct,
1144,1581984000,0.0,0.0,0.0,0.0,0.0,0.0,direct,
1145,1582070400,0.0,0.0,0.0,0.0,0.0,0.0,direct,
1146,1582156800,0.0,0.0,0.0,0.0,0.0,0.0,direct,
1147,1582243200,0.0,0.0,0.0,0.0,0.0,0.0,direct,
1148,1582329600,0.0,0.0,0.0,0.0,0.0,0.0,direct,
1149,1582416000,0.0,0.0,0.0,0.0,0.0,0.0,direct,
1150,1582502400,0.0,0.0,0.0,0.0,0.0,0.0,direct,
1151,1582588800,0.0,0.0,0.0,0.0,0.0,0.0,direct,
1152,1582675200,0.0,0.0,0.0,0.0,0.0,0.0,direct,
1153,1582761600,0.0,0.0,0.0,0.0,0.0,0.0,direct,
1154,1582848000,0.0,0.0,0.0,0.0,0.0,0.0,direct,
1155,1582934400,0.0,0.0,0.0,0.0,0.0,0.0,direct,
1156,1583020800,0.0,0.0,0.0,0.0,0.0,0.0,direct,
1157,1583107200,0.0,0.0,0.0,0.0,0.0,0.0,direct,
1158,1583193600,0.0,0.0,0.0,0.0,0.0,0.0,direct,
1159,1583280000,0.0,0.0,0.0,0.0,0.0,0.0,direct,
1160,1583366400,0.0,0.0,0.0,0.0,0.0,0.0,direct,
1161,1583452800,0.0,0.0,0.0,0.0,0.0,0.0,direct,
1162,1583539200,0.0,0.0,0.0,0.0,0.0,0.0,direct,
1163,1583625600,0.0,0.0,0.0,0.0,0.0,0.0,direct,
1164,1583712000,0.0,0.0,0.0,0.0,0.0,0.0,direct,
1165,1583798400,0.0,0.0,0.0,0.0,0.0,0.0,direct,
1166,1583884800,0.0,0.0,0.0,0.0,0.0,0.0,direct,
1167,1583971200,0.0,0.0,0.0,0.0,0.0,0.0,direct,
1168,1584057600,0.0,0.0,0.0,0.0,0.0,0.0,direct,
1169,1584144000,0.0,0.0,0.0,0.0,0.0,0.0,direct,
1170,1584230400,0.0,0.0,0.0,0.0,0.0,0.0,direct,
1171,1584316800,0.0,0.0,0.0,0.0,0.0,0.0,direct,
1172,1584403200,0.0,0.0,0.0,0.0,0.0,0.0,direct,
1173,1584489600,0.0,0.0,0.0,0.0,0.0,0.0,direct,
1174,1584576000,0.0,0.0,0.0,0.0,0.0,0.0,direct,
1175,1584662400,0.0,0.0,0.0,0.0,0.0,0.0,direct,
1176,1584748800,0.0,0.0,0.0,0.0,0.0,0.0,direct,
1177,1584835200,0.0,0.0,0.0,0.0,0.0,0.0,direct,
1178,1584921600,0.0,0.0,0.0,0.0,0.0,0.0,direct,
1179,1585008000,0.0,0.0,0.0,0.0,0.0,0.0,direct,
1180,1585094400,0.0,0.0,0.0,0.0,0.0,0.0,direct,
1181,1585180800,0.0,0.0,0.0,0.0,0.0,0.0,direct,
1182,1585267200,0.0,0.0,0.0,0.0,0.0,0.0,direct,
1183,1585353600,0.0,0.0,0.0,0.0,0.0,0.0,direct,
1184,1585440000,0.0,0.0,0.0,0.0,0.0,0.0,direct,
1185,1585526400,0.0,0.0,0.0,0.0,0.0,0.0,direct,
1186,1585612800,0.0,0.0,0.0,0.0,0.0,0.0,direct,
1187,1585699200,0.0,0.0,0.0,0.0,0.0,0.0,direct,
1188,1585785600,0.0,0.0,0.0,0.0,0.0,0.0,direct,
1189,1585872000,0.0,0.0,0.0,0.0,0.0,0.0,direct,
1190,1585958400,0.0,0.0,0.0,0.0,0.0,0.0,direct,
1191,1586044800,0.0,0.0,0.0,0.0,0.0,0.0,direct,
1192,1586131200,0.0,0.0,0.0,0.0,0.0,0.0,direct,
1193,1586217600,0.0,0.0,0.0,0.0,0.0,0.0,direct,
1194,1586304000,0.0,0.0,0.0,0.0,0.0,0.0,direct,
1195,1586390400,0.0,0.0,0.0,0.0,0.0,0.0,direct,
1196,1586476800,0.0,0.0,0.0,0.0,0.0,0.0,direct,
1197,1586563200,0.0,0.0,0.0,0.0,0.0,0.0,direct,
1198,1586649600,0.0,0.0,0.0,0.0,0.0,0.0,direct,
1199,1586736000,0.0,0.0,0.0,0.0,0.0,0.0,direct,
1200,1586822400,0.0,0.0,0.0,0.0,0.0,0.0,direct,
1201,1586908800,0.0,0.0,0.0,0.0,0.0,0.0,direct,
1202,1586995200,0.0,0.0,0.0,0.0,0.0,0.0,direct,
1203,1587081600,0.0,0.0,0.0,0.0,0.0,0.0,direct,
1204,1587168000,0.0,0.0,0.0,0.0,0.0,0.0,direct,
1205,1587254400,0.0,0.0,0.0,0.0,0.0,0.0,direct,
1206,1587340800,0.0,0.0,0.0,0.0,0.0,0.0,direct,
1207,1587427200,0.0,0.0,0.0,0.0,0.0,0.0,direct,
1208,1587513600,0.0,0.0,0.0,0.0,0.0,0.0,direct,
1209,1587600000,0.0,0.0,0.0,0.0,0.0,0.0,direct,
1210,1587686400,0.0,0.0,0.0,0.0,0.0,0.0,direct,
1211,1587772800,0.0,0.0,0.0,0.0,0.0,0.0,direct,
1212,1587859200,0.0,0.0,0.0,0.0,0.0,0.0,direct,
1213,1587945600,0.0,0.0,0.0,0.0,0.0,0.0,direct,
1214,1588032000,0.0,0.0,0.0,0.0,0.0,0.0,direct,
1215,1588118400,0.0,0.0,0.0,0.0,0.0,0.0,direct,
1216,1588204800,0.0,0.0,0.0,0.0,0.0,0.0,direct,
1217,1588291200,0.0,0.0,0.0,0.0,0.0,0.0,direct,
1218,1588377600,0.0,0.0,0.0,0.0,0.0,0.0,direct,
1219,1588464000,0.0,0.0,0.0,0.0,0.0,0.0,direct,
1220,1588550400,0.0,0.0,0.0,0.0,0.0,0.0,direct,
1221,1588636800,0.0,0.0,0.0,0.0,0.0,0.0,direct,
1222,1588723200,0.0,0.0,0.0,0.0,0.0,0.0,direct,
1223,1588809600,0.0,0.0,0.0,0.0,0.0,0.0,direct,
1224,1588896000,0.0,0.0,0.0,0.0,0.0,0.0,direct,
1225,1588982400,0.0,0.0,0.0,0.0,0.0,0.0,direct,
1226,1589068800,0.0,0.0,0.0,0.0,0.0,0.0,direct,
1227,1589155200,0.0,0.0,0.0,0.0,0.0,0.0,direct,
1228,1589241600,0.0,0.0,0.0,0.0,0.0,0.0,direct,
1229,1589328000,0.0,0.0,0.0,0.0,0.0,0.0,direct,
1230,1589414400,0.0,0.0,0.0,0.0,0.0,0.0,direct,
1231,1589500800,0.0,0.0,0.0,0.0,0.0,0.0,direct,
1232,1589587200,0.0,0.0,0.0,0.0,0.0,0.0,direct,
1233,1589673600,0.0,0.0,0.0,0.0,0.0,0.0,direct,
1234,1589760000,0.0,0.0,0.0,0.0,0.0,0.0,direct,
1235,1589846400,0.0,0.0,0.0,0.0,0.0,0.0,direct,
1236,1589932800,0.0,0.0,0.0,0.0,0.0,0.0,direct,
1237,1590019200,0.0,0.0,0.0,0.0,0.0,0.0,direct,
1238,1590105600,0.0,0.0,0.0,0.0,0.0,0.0,direct,
1239,1590192000,0.0,0.0,0.0,0.0,0.0,0.0,direct,
1240,1590278400,0.0,0.0,0.0,0.0,0.0,0.0,direct,
1241,1590364800,0.0,0.0,0.0,0.0,0.0,0.0,direct,
1242,1590451200,0.0,0.0,0.0,0.0,0.0,0.0,direct,
1243,1590537600,0.0,0.0,0.0,0.0,0.0,0.0,direct,
1244,1590624000,0.0,0.0,0.0,0.0,0.0,0.0,direct,
1245,1590710400,0.0,0.0,0.0,0.0,0.0,0.0,direct,
1246,1590796800,0.0,0.0,0.0,0.0,0.0,0.0,direct,
1247,1590883200,0.0,0.0,0.0,0.0,0.0,0.0,direct,
1248,1590969600,0.0,0.0,0.0,0.0,0.0,0.0,direct,
1249,1591056000,0.0,0.0,0.0,0.0,0.0,0.0,direct,
1250,1591142400,0.0,0.0,0.0,0.0,0.0,0.0,direct,
1251,1591228800,0.0,0.0,0.0,0.0,0.0,0.0,direct,
1252,1591315200,0.0,0.0,0.0,0.0,0.0,0.0,direct,
1253,1591401600,0.0,0.0,0.0,0.0,0.0,0.0,direct,
1254,1591488000,0.0,0.0,0.0,0.0,0.0,0.0,direct,
1255,1591574400,0.0,0.0,0.0,0.0,0.0,0.0,direct,
1256,1591660800,0.0,0.0,0.0,0.0,0.0,0.0,direct,
1257,1591747200,0.0,0.0,0.0,0.0,0.0,0.0,direct,
1258,1591833600,0.0,0.0,0.0,0.0,0.0,0.0,direct,
1259,1591920000,0.0,0.0,0.0,0.0,0.0,0.0,direct,
1260,1592006400,0.0,0.0,0.0,0.0,0.0,0.0,direct,
1261,1592092800,0.0,0.0,0.0,0.0,0.0,0.0,direct,
1262,1592179200,0.0,0.0,0.0,0.0,0.0,0.0,direct,
1263,1592265600,0.0,0.0,0.0,0.0,0.0,0.0,direct,
1264,1592352000,0.0,0.0,0.0,0.0,0.0,0.0,direct,
1265,1592438400,0.0,0.0,0.0,0.0,0.0,0.0,direct,
1266,1592524800,0.0,0.0,0.0,0.0,0.0,0.0,direct,
1267,1592611200,0.0,0.0,0.0,0.0,0.0,0.0,direct,
1268,1592697600,0.0,0.0,0.0,0.0,0.0,0.0,direct,
1269,1592784000,0.0,0.0,0.0,0.0,0.0,0.0,direct,
1270,1592870400,0.0,0.0,0.0,0.0,0.0,0.0,direct,
1271,1592956800,0.0,0.0,0.0,0.0,0.0,0.0,direct,
1272,1593043200,0.0,0.0,0.0,0.0,0.0,0.0,direct,
1273,1593129600,0.0,0.0,0.0,0.0,0.0,0.0,direct,
1274,1593216000,0.0,0.0,0.0,0.0,0.0,0.0,direct,
1275,1593302400,0.0,0.0,0.0,0.0,0.0,0.0,direct,
1276,1593388800,0.0,0.0,0.0,0.0,0.0,0.0,direct,
1277,1593475200,0.0,0.0,0.0,0.0,0.0,0.0,direct,
1278,1593561600,0.0,0.0,0.0,0.0,0.0,0.0,direct,
1279,1593648000,0.0,0.0,0.0,0.0,0.0,0.0,direct,
1280,1593734400,0.0,0.0,0.0,0.0,0.0,0.0,direct,
1281,1593820800,0.0,0.0,0.0,0.0,0.0,0.0,direct,
1282,1593907200,0.0,0.0,0.0,0.0,0.0,0.0,direct,
1283,1593993600,0.0,0.0,0.0,0.0,0.0,0.0,direct,
1284,1594080000,0.0,0.0,0.0,0.0,0.0,0.0,direct,
1285,1594166400,0.0,0.0,0.0,0.0,0.0,0.0,direct,
1286,1594252800,0.0,0.0,0.0,0.0,0.0,0.0,direct,
1287,1594339200,0.0,0.0,0.0,0.0,0.0,0.0,direct,
1288,1594425600,0.0,0.0,0.0,0.0,0.0,0.0,direct,
1289,1594512000,0.0,0.0,0.0,0.0,0.0,0.0,direct,
1290,1594598400,0.0,0.0,0.0,0.0,0.0,0.0,direct,
1291,1594684800,0.0,0.0,0.0,0.0,0.0,0.0,direct,
1292,1594771200,0.0,0.0,0.0,0.0,0.0,0.0,direct,
1293,1594857600,0.0,0.0,0.0,0.0,0.0,0.0,direct,
1294,1594944000,0.0,0.0,0.0,0.0,0.0,0.0,direct,
1295,1595030400,0.0,0.0,0.0,0.0,0.0,0.0,direct,
1296,1595116800,0.0,0.0,0.0,0.0,0.0,0.0,direct,
1297,1595203200,0.0,0.0,0.0,0.0,0.0,0.0,direct,
1298,1595289600,0.0,0.0,0.0,0.0,0.0,0.0,direct,
1299,1595376000,0.0,0.0,0.0,0.0,0.0,0.0,direct,
1300,1595462400,0.0,0.0,0.0,0.0,0.0,0.0,direct,
1301,1595548800,0.0,0.0,0.0,0.0,0.0,0.0,direct,
1302,1595635200,0.0,0.0,0.0,0.0,0.0,0.0,direct,
1303,1595721600,0.0,0.0,0.0,0.0,0.0,0.0,direct,
1304,1595808000,0.0,0.0,0.0,0.0,0.0,0.0,direct,
1305,1595894400,0.0,0.0,0.0,0.0,0.0,0.0,direct,
1306,1595980800,0.0,0.0,0.0,0.0,0.0,0.0,direct,
1307,1596067200,0.0,0.0,0.0,0.0,0.0,0.0,direct,
1308,1596153600,0.0,0.0,0.0,0.0,0.0,0.0,direct,
1309,1596240000,0.0,0.0,0.0,0.0,0.0,0.0,direct,
1310,1596326400,0.0,0.0,0.0,0.0,0.0,0.0,direct,
1311,1596412800,0.0,0.0,0.0,0.0,0.0,0.0,direct,
1312,1596499200,0.0,0.0,0.0,0.0,0.0,0.0,direct,
1313,1596585600,0.0,0.0,0.0,0.0,0.0,0.0,direct,
1314,1596672000,0.0,0.0,0.0,0.0,0.0,0.0,direct,
1315,1596758400,0.0,0.0,0.0,0.0,0.0,0.0,direct,
1316,1596844800,0.0,0.0,0.0,0.0,0.0,0.0,direct,
1317,1596931200,0.0,0.0,0.0,0.0,0.0,0.0,direct,
1318,1597017600,0.0,0.0,0.0,0.0,0.0,0.0,direct,
1319,1597104000,0.0,0.0,0.0,0.0,0.0,0.0,direct,
1320,1597190400,0.0,0.0,0.0,0.0,0.0,0.0,direct,
1321,1597276800,0.0,0.0,0.0,0.0,0.0,0.0,direct,
1322,1597363200,0.0,0.0,0.0,0.0,0.0,0.0,direct,
1323,1597449600,0.0,0.0,0.0,0.0,0.0,0.0,direct,
1324,1597536000,0.0,0.0,0.0,0.0,0.0,0.0,direct,
1325,1597622400,0.0,0.0,0.0,0.0,0.0,0.0,direct,
1326,1597708800,0.0,0.0,0.0,0.0,0.0,0.0,direct,
1327,1597795200,0.0,0.0,0.0,0.0,0.0,0.0,direct,
1328,1597881600,0.0,0.0,0.0,0.0,0.0,0.0,direct,
1329,1597968000,0.0,0.0,0.0,0.0,0.0,0.0,direct,
1330,1598054400,0.0,0.0,0.0,0.0,0.0,0.0,direct,
1331,1598140800,0.0,0.0,0.0,0.0,0.0,0.0,direct,
1332,1598227200,0.0,0.0,0.0,0.0,0.0,0.0,direct,
1333,1598313600,0.0,0.0,0.0,0.0,0.0,0.0,direct,
1334,1598400000,0.0,0.0,0.0,0.0,0.0,0.0,direct,
1335,1598486400,0.0,0.0,0.0,0.0,0.0,0.0,direct,
1336,1598572800,0.0,0.0,0.0,0.0,0.0,0.0,direct,
1337,1598659200,0.0,0.0,0.0,0.0,0.0,0.0,direct,
1338,1598745600,0.0,0.0,0.0,0.0,0.0,0.0,direct,
1339,1598832000,0.0,0.0,0.0,0.0,0.0,0.0,direct,
1340,1598918400,0.0,0.0,0.0,0.0,0.0,0.0,direct,
1341,1599004800,0.0,0.0,0.0,0.0,0.0,0.0,direct,
1342,1599091200,0.0,0.0,0.0,0.0,0.0,0.0,direct,
1343,1599177600,0.0,0.0,0.0,0.0,0.0,0.0,direct,
1344,1599264000,0.0,0.0,0.0,0.0,0.0,0.0,direct,
1345,1599350400,0.0,0.0,0.0,0.0,0.0,0.0,direct,
1346,1599436800,0.0,0.0,0.0,0.0,0.0,0.0,direct,
1347,1599523200,0.0,0.0,0.0,0.0,0.0,0.0,direct,
1348,1599609600,0.0,0.0,0.0,0.0,0.0,0.0,direct,
1349,1599696000,0.0,0.0,0.0,0.0,0.0,0.0,direct,
1350,1599782400,0.0,0.0,0.0,0.0,0.0,0.0,direct,
1351,1599868800,0.0,0.0,0.0,0.0,0.0,0.0,direct,
1352,1599955200,0.0,0.0,0.0,0.0,0.0,0.0,direct,
1353,1600041600,0.0,0.0,0.0,0.0,0.0,0.0,direct,
1354,1600128000,0.0,0.0,0.0,0.0,0.0,0.0,direct,
1355,1600214400,0.0,0.0,0.0,0.0,0.0,0.0,direct,
1356,1600300800,0.0,0.0,0.0,0.0,0.0,0.0,direct,
1357,1600387200,0.0,0.0,0.0,0.0,0.0,0.0,direct,
1358,1600473600,0.0,0.0,0.0,0.0,0.0,0.0,direct,
1359,1600560000,0.0,0.0,0.0,0.0,0.0,0.0,direct,
1360,1600646400,0.0,0.0,0.0,0.0,0.0,0.0,direct,
1361,1600732800,0.0,0.0,0.0,0.0,0.0,0.0,direct,
1362,1600819200,0.0,0.0,0.0,0.0,0.0,0.0,direct,
1363,1600905600,0.0,0.0,0.0,0.0,0.0,0.0,direct,
1364,1600992000,0.0,0.0,0.0,0.0,0.0,0.0,direct,
1365,1601078400,0.0,0.0,0.0,0.0,0.0,0.0,direct,
1366,1601164800,0.0,0.0,0.0,0.0,0.0,0.0,direct,
1367,1601251200,0.0,0.0,0.0,0.0,0.0,0.0,direct,
1368,1601337600,0.0,0.0,0.0,0.0,0.0,0.0,direct,
1369,1601424000,0.0,0.0,0.0,0.0,0.0,0.0,direct,
1370,1601510400,0.0,0.0,0.0,0.0,0.0,0.0,direct,
1371,1601596800,0.0,0.0,0.0,0.0,0.0,0.0,direct,
1372,1601683200,0.0,0.0,0.0,0.0,0.0,0.0,direct,
1373,1601769600,0.0,0.0,0.0,0.0,0.0,0.0,direct,
1374,1601856000,0.0,0.0,0.0,0.0,0.0,0.0,direct,
1375,1601942400,0.0,0.0,0.0,0.0,0.0,0.0,direct,
1376,1602028800,0.0,0.0,0.0,0.0,0.0,0.0,direct,
1377,1602115200,0.0,0.0,0.0,0.0,0.0,0.0,direct,
1378,1602201600,0.0,0.0,0.0,0.0,0.0,0.0,direct,
1379,1602288000,0.0,0.0,0.0,0.0,0.0,0.0,direct,
1380,1602374400,0.0,0.0,0.0,0.0,0.0,0.0,direct,
1381,1602460800,0.0,0.0,0.0,0.0,0.0,0.0,direct,
1382,1602547200,0.0,0.0,0.0,0.0,0.0,0.0,direct,
1383,1602633600,0.0,0.0,0.0,0.0,0.0,0.0,direct,
1384,1602720000,0.0,0.0,0.0,0.0,0.0,0.0,direct,
1385,1602806400,0.0,0.0,0.0,0.0,0.0,0.0,direct,
1386,1602892800,0.0,0.0,0.0,0.0,0.0,0.0,direct,
1387,1602979200,0.0,0.0,0.0,0.0,0.0,0.0,direct,
1388,1603065600,0.0,0.0,0.0,0.0,0.0,0.0,direct,
1389,1603152000,0.0,0.0,0.0,0.0,0.0,0.0,direct,
1390,1603238400,0.0,0.0,0.0,0.0,0.0,0.0,direct,
1391,1603324800,0.0,0.0,0.0,0.0,0.0,0.0,direct,
1392,1603411200,0.0,0.0,0.0,0.0,0.0,0.0,direct,
1393,1603497600,0.0,0.0,0.0,0.0,0.0,0.0,direct,
1394,1603584000,0.0,0.0,0.0,0.0,0.0,0.0,direct,
1395,1603670400,0.0,0.0,0.0,0.0,0.0,0.0,direct,
1396,1603756800,0.0,0.0,0.0,0.0,0.0,0.0,direct,
1397,1603843200,0.0,0.0,0.0,0.0,0.0,0.0,direct,
1398,1603929600,0.0,0.0,0.0,0.0,0.0,0.0,direct,
1399,1604016000,0.0,0.0,0.0,0.0,0.0,0.0,direct,
1400,1604102400,0.0,0.0,0.0,0.0,0.0,0.0,direct,
1401,1604188800,0.0,0.0,0.0,0.0,0.0,0.0,direct,
1402,1604275200,0.0,0.0,0.0,0.0,0.0,0.0,direct,
1403,1604361600,0.0,0.0,0.0,0.0,0.0,0.0,direct,
1404,1604448000,0.0,0.0,0.0,0.0,0.0,0.0,direct,
1405,1604534400,0.0,0.0,0.0,0.0,0.0,0.0,direct,
1406,1604620800,0.0,0.0,0.0,0.0,0.0,0.0,direct,
1407,1604707200,0.0,0.0,0.0,0.0,0.0,0.0,direct,
1408,1604793600,0.0,0.0,0.0,0.0,0.0,0.0,direct,
1409,1604880000,0.0,0.0,0.0,0.0,0.0,0.0,direct,
1410,1604966400,0.0,0.0,0.0,0.0,0.0,0.0,direct,
1411,1605052800,0.0,0.0,0.0,0.0,0.0,0.0,direct,
1412,1605139200,0.0,0.0,0.0,0.0,0.0,0.0,direct,
1413,1605225600,0.0,0.0,0.0,0.0,0.0,0.0,direct,
1414,1605312000,0.0,0.0,0.0,0.0,0.0,0.0,direct,
1415,1605398400,0.0,0.0,0.0,0.0,0.0,0.0,direct,
1416,1605484800,0.0,0.0,0.0,0.0,0.0,0.0,direct,
1417,1605571200,0.0,0.0,0.0,0.0,0.0,0.0,direct,
1418,1605657600,0.0,0.0,0.0,0.0,0.0,0.0,direct,
1419,1605744000,0.0,0.0,0.0,0.0,0.0,0.0,direct,
1420,1605830400,0.0,0.0,0.0,0.0,0.0,0.0,direct,
1421,1605916800,0.0,0.0,0.0,0.0,0.0,0.0,direct,
1422,1606003200,0.0,0.0,0.0,0.0,0.0,0.0,direct,
1423,1606089600,0.0,0.0,0.0,0.0,0.0,0.0,direct,
1424,1606176000,0.0,0.0,0.0,0.0,0.0,0.0,direct,
1425,1606262400,0.0,0.0,0.0,0.0,0.0,0.0,direct,
1426,1606348800,0.0,0.0,0.0,0.0,0.0,0.0,direct,
1427,1606435200,0.0,0.0,0.0,0.0,0.0,0.0,direct,
1428,1606521600,0.0,0.0,0.0,0.0,0.0,0.0,direct,
1429,1606608000,0.0,0.0,0.0,0.0,0.0,0.0,direct,
1430,1606694400,0.0,0.0,0.0,0.0,0.0,0.0,direct,
1431,1606780800,0.0,0.0,0.0,0.0,0.0,0.0,direct,
1432,1606867200,0.0,0.0,0.0,0.0,0.0,0.0,direct,
1433,1606953600,0.0,0.0,0.0,0.0,0.0,0.0,direct,
1434,1607040000,0.0,0.0,0.0,0.0,0.0,0.0,direct,
1435,1607126400,0.0,0.0,0.0,0.0,0.0,0.0,direct,
1436,1607212800,0.0,0.0,0.0,0.0,0.0,0.0,direct,
1437,1607299200,0.0,0.0,0.0,0.0,0.0,0.0,direct,
1438,1607385600,0.0,0.0,0.0,0.0,0.0,0.0,direct,
1439,1607472000,0.0,0.0,0.0,0.0,0.0,0.0,direct,
1440,1607558400,0.0,0.0,0.0,0.0,0.0,0.0,direct,
1441,1607644800,0.0,0.0,0.0,0.0,0.0,0.0,direct,
1442,1607731200,0.0,0.0,0.0,0.0,0.0,0.0,direct,
1443,1607817600,0.0,0.0,0.0,0.0,0.0,0.0,direct,
1444,1607904000,0.0,0.0,0.0,0.0,0.0,0.0,direct,
1445,1607990400,0.0,0.0,0.0,0.0,0.0,0.0,direct,
1446,1608076800,0.0,0.0,0.0,0.0,0.0,0.0,direct,
1447,1608163200,0.0,0.0,0.0,0.0,0.0,0.0,direct,
1448,1608249600,0.0,0.0,0.0,0.0,0.0,0.0,direct,
1449,1608336000,0.0,0.0,0.0,0.0,0.0,0.0,direct,
1450,1608422400,0.0,0.0,0.0,0.0,0.0,0.0,direct,
1451,1608508800,0.0,0.0,0.0,0.0,0.0,0.0,direct,
1452,1608595200,0.0,0.0,0.0,0.0,0.0,0.0,direct,
1453,1608681600,0.0,0.0,0.0,0.0,0.0,0.0,direct,
1454,1608768000,0.0,0.0,0.0,0.0,0.0,0.0,direct,
1455,1608854400,0.0,0.0,0.0,0.0,0.0,0.0,direct,
1456,1608940800,0.0,0.0,0.0,0.0,0.0,0.0,direct,
1457,1609027200,0.0,0.0,0.0,0.0,0.0,0.0,direct,
1458,1609113600,0.0,0.0,0.0,0.0,0.0,0.0,direct,
1459,1609200000,0.0,0.0,0.0,0.0,0.0,0.0,direct,
1460,1609286400,0.0,0.0,0.0,0.0,0.0,0.0,direct,
1461,1609372800,0.0,0.0,0.0,0.0,0.0,0.0,direct,
1462,1609459200,0.0,0.0,0.0,0.0,0.0,0.0,direct,
1463,1609545600,0.0,0.0,0.0,0.0,0.0,0.0,direct,
1464,1609632000,0.0,0.0,0.0,0.0,0.0,0.0,direct,
1465,1609718400,0.0,0.0,0.0,0.0,0.0,0.0,direct,
1466,1609804800,0.0,0.0,0.0,0.0,0.0,0.0,direct,
1467,1609891200,0.0,0.0,0.0,0.0,0.0,0.0,direct,
1468,1609977600,0.0,0.0,0.0,0.0,0.0,0.0,direct,
1469,1610064000,0.192,0.1766,0.1806,2664444.3,510773.97,0.1917,multiply,USDT
1470,1610150400,0.1951,0.1744,0.1917,3999435.7,733290.14,0.1833,multiply,USDT
1471,1610236800,0.2095,0.1822,0.1833,11067177.5,2137071.98,0.1931,multiply,USDT
1472,1610323200,0.1954,0.1612,0.1931,4684499.1,787313.93,0.1681,multiply,USDT
1473,1610409600,0.1812,0.166,0.1681,2051900.9,347528.81,0.1694,multiply,USDT
1474,1610496000,0.178,0.1626,0.1694,3990749.1,694789.42,0.1741,multiply,USDT
1475,1610582400,0.1822,0.1684,0.1741,3222154.8,562347.53,0.1745,multiply,USDT
1476,1610668800,0.1898,0.1668,0.1745,5414556.6,993372.42,0.1835,multiply,USDT
1477,1610755200,0.2,0.178,0.1835,6896300.0,1295814.77,0.1879,multiply,USDT
1478,1610841600,0.19,0.1683,0.1879,5308719.8,969903.11,0.1827,multiply,USDT
1479,1610928000,0.2152,0.1806,0.1827,12732399.0,2650987.33,0.2082,multiply,USDT
1480,1611014400,0.2147,0.187,0.2082,6135364.0,1192101.23,0.1943,multiply,USDT
1481,1611100800,0.1956,0.1748,0.1943,6853271.8,1283529.4,0.1873,multiply,USDT
1482,1611187200,0.22,0.1801,0.1873,16844397.4,3491145.21,0.2073,multiply,USDT
1483,1611273600,0.2402,0.2012,0.2073,16610762.0,3574885.14,0.2152,multiply,USDT
1484,1611360000,0.2191,0.1995,0.2152,10926296.3,2237755.74,0.2048,multiply,USDT
1485,1611446400,0.2161,0.1997,0.2048,9248674.2,1911817.49,0.2067,multiply,USDT
1486,1611532800,0.21,0.196,0.2067,5712704.2,1124147.76,0.1968,multiply,USDT
1487,1611619200,0.2563,0.1892,0.1968,24601932.5,6119693.81,0.2487,multiply,USDT
1488,1611705600,0.2864,0.2141,0.2487,30362832.6,6589742.72,0.217,multiply,USDT
1489,1611792000,0.244,0.2099,0.217,14740908.0,3279026.54,0.2224,multiply,USDT
1490,1611878400,0.2239,0.2025,0.2224,11704206.2,2446179.1,0.209,multiply,USDT
1491,1611964800,0.2202,0.207,0.209,5639500.4,1209188.97,0.2144,multiply,USDT
1492,1612051200,0.2292,0.2075,0.2144,6761542.6,1445032.93,0.2137,multiply,USDT
1493,1612137600,0.2173,0.2051,0.2137,4645795.7,985428.55,0.2121,multiply,USDT
1494,1612224000,0.2204,0.2054,0.2121,4750003.1,1019485.57,0.2146,multiply,USDT
1495,1612310400,0.2352,0.2113,0.2146,7109648.8,1609810.76,0.2264,multiply,USDT
1496,1612396800,0.2572,0.2202,0.2264,13174085.1,3236153.4,0.2456,multiply,USDT
1497,1612483200,0.282,0.2452,0.2456,15589928.9,4287230.45,0.275,multiply,USDT
1498,1612569600,0.2773,0.2446,0.275,10126240.2,2525982.52,0.2494,multiply,USDT
1499,1612656000,0.3331,0.2475,0.2494,27519129.0,8104223.88,0.2945,multiply,USDT
1500,1612742400,0.3556,0.2873,0.2945,27397881.2,8194673.39,0.2991,multiply,USDT
1501,1612828800,0.3408,0.2907,0.2991,15712967.9,5047333.69,0.3212,multiply,USDT
1502,1612915200,0.4004,0.3153,0.3212,17686677.7,6775460.25,0.3831,multiply,USDT
1503,1613001600,0.4033,0.373,0.3831,10069107.2,3929972.54,0.3903,multiply,USDT
1504,1613088000,0.4079,0.3607,0.3903,9278019.9,3711193.12,0.4,multiply,USDT
1505,1613174400,0.4257,0.3926,0.4,9370845.8,3753962.7,0.4006,multiply,USDT
1506,1613260800,0.4036,0.3527,0.4006,7921366.3,2846614.27,0.3594,multiply,USDT
1507,1613347200,0.3647,0.3186,0.3594,5414608.5,1891864.21,0.3494,multiply,USDT
1508,1613433600,0.3568,0.339,0.3494,2633005.6,912073.14,0.3464,multiply,USDT
1509,1613520000,0.3642,0.3375,0.3464,3836028.9,1374065.55,0.3582,multiply,USDT
1510,1613606400,0.4536,0.34,0.3582,12835243.8,5724518.73,0.446,multiply,USDT
1511,1613692800,0.5,0.4262,0.446,15195532.8,6927643.4,0.4559,multiply,USDT
1512,1613779200,0.4572,0.401,0.4559,7150360.0,2922482.55,0.4087,multiply,USDT
1513,1613865600,0.4453,0.4068,0.4087,3596993.5,1526923.74,0.4245,multiply,USDT
1514,1613952000,0.4493,0.3395,0.4245,7076548.2,2922614.41,0.413,multiply,USDT
1515,1614038400,0.4154,0.3607,0.413,5826923.1,2239286.55,0.3843,multiply,USDT
1516,1614124800,0.4294,0.3765,0.3843,4453761.5,1897416.42,0.426,multiply,USDT
1517,1614211200,0.4885,0.4247,0.426,8623170.7,4009468.25,0.465,multiply,USDT
1518,1614297600,0.5399,0.4454,0.465,18069189.8,8252355.1,0.4567,multiply,USDT
1519,1614384000,0.4724,0.3917,0.4567,5265445.0,2137800.16,0.406,multiply,USDT
1520,1614470400,0.4083,0.3477,0.406,5517031.9,2098453.84,0.3804,multiply,USDT
1521,1614556800,0.42,0.375,0.3804,4147137.8,1670052.39,0.4027,multiply,USDT
1522,1614643200,0.4581,0.4013,0.4027,5527191.1,2526239.17,0.4571,multiply,USDT
1523,1614729600,0.5268,0.4558,0.4571,8208931.0,4090510.32,0.4983,multiply,USDT
1524,1614816000,0.79,0.4568,0.4983,36899434.9,22460686.02,0.6087,multiply,USDT
1525,1614902400,0.7307,0.5477,0.6087,29793961.5,17894253.28,0.6006,multiply,USDT
1526,1614988800,1.259,0.5981,0.6006,140320090.2,143968412.55,1.026,multiply,USDT
1527,1615075200,1.029,0.8451,1.026,37377404.9,32854738.91,0.879,multiply,USDT
1528,1615161600,0.963,0.8667,0.879,14573796.5,13738717.96,0.9427,multiply,USDT
1529,1615248000,1.374,0.9161,0.9427,45342136.1,49290801.36,1.087,multiply,USDT
1530,1615334400,1.155,0.9415,1.087,17035113.4,17256774.3,1.013,multiply,USDT
1531,1615420800,1.13,0.9371,1.013,16504670.5,17793305.66,1.078,multiply,USDT
1532,1615507200,1.137,0.9546,1.078,22670587.3,22942634.35,1.012,multiply,USDT
1533,1615593600,1.598,0.9762,1.012,35622868.4,52111044.84,1.463,multiply,USDT
1534,1615680000,1.536,1.303,1.463,18348802.1,25829946.33,1.408,multiply,USDT
1535,1615766400,1.904,1.18,1.408,30701243.4,54249097.09,1.767,multiply,USDT
1536,1615852800,2.057,1.6,1.767,50003399.1,86455877.04,1.729,multiply,USDT
1537,1615939200,1.749,1.427,1.729,16319910.4,26604464.98,1.63,multiply,USDT
1538,1616025600,1.775,1.477,1.63,8484201.1,12774651.42,1.506,multiply,USDT
1539,1616112000,1.618,1.467,1.506,8029531.7,12333360.69,1.536,multiply,USDT
1540,1616198400,1.61,1.395,1.536,7303170.6,10215092.24,1.399,multiply,USDT
1541,1616284800,1.561,1.288,1.399,9248857.1,14372723.93,1.554,multiply,USDT
1542,1616371200,1.988,1.54,1.554,32785546.9,57440278.17,1.752,multiply,USDT
1543,1616457600,1.89,1.639,1.752,10733096.2,20135288.47,1.876,multiply,USDT
1544,1616544000,2.458,1.717,1.876,32857494.0,67489292.68,2.054,multiply,USDT
1545,1616630400,2.55,1.85,2.054,28507174.3,67847074.83,2.38,multiply,USDT
1546,1616716800,3.475,2.326,2.38,45689850.6,136932482.25,2.997,multiply,USDT
1547,1616803200,4.99,2.917,2.997,89654200.5,361306428.02,4.03,multiply,USDT
1548,1616889600,4.211,3.402,4.03,38418169.7,141081715.32,3.672,multiply,USDT
1549,1616976000,3.77,3.241,3.672,18635061.1,61980213.22,3.326,multiply,USDT
1550,1617062400,3.645,3.143,3.326,22699919.1,77734079.66,3.424,multiply,USDT
1551,1617148800,3.47,2.992,3.424,13755219.4,43521514.18,3.164,multiply,USDT
1552,1617235200,3.459,3.012,3.164,15501111.3,48477778.65,3.127,multiply,USDT
1553,1617321600,3.436,3.031,3.127,13436810.1,42791960.54,3.185,multiply,USDT
1554,1617408000,3.43,3.006,3.185,12363499.0,38149942.54,3.086,multiply,USDT
1555,1617494400,3.192,3.027,3.086,7695369.6,23478572.65,3.051,multiply,USDT
1556,1617580800,3.075,2.73,3.051,13201378.8,36382999.97,2.756,multiply,USDT
1557,1617667200,2.77,2.38,2.756,12060674.3,28873254.27,2.394,multiply,USDT
1558,1617753600,2.696,2.119,2.394,17010135.1,42010832.19,2.47,multiply,USDT
1559,1617840000,2.767,2.23,2.47,15192599.0,36933208.17,2.431,multiply,USDT
1560,1617926400,2.599,2.352,2.431,9365204.1,22359634.57,2.388,multiply,USDT
1561,1618012800,2.55,2.27,2.388,7615570.4,17919437.15,2.353,multiply,USDT
1562,1618099200,2.368,2.178,2.353,6659634.8,15077413.19,2.264,multiply,USDT
1563,1618185600,3.186,2.236,2.264,49869284.9,131192967.96,2.631,multiply,USDT
1564,1618272000,2.848,2.447,2.631,16251952.8,42428875.66,2.611,multiply,USDT
1565,1618358400,2.697,2.37,2.611,9690653.8,24231477.89,2.5,multiply,USDT
1566,1618444800,2.693,2.438,2.5,7576981.0,19833619.12,2.618,multiply,USDT
1567,1618531200,2.633,2.346,2.618,6983034.8,17321264.19,2.48,multiply,USDT
1568,1618617600,2.504,2.361,2.48,5868269.9,13896063.12,2.368,multiply,USDT
1569,1618704000,2.385,1.998,2.368,9464886.9,20502497.27,2.166,multiply,USDT
1570,1618790400,2.291,1.923,2.166,7083544.8,13642368.94,1.926,multiply,USDT
1571,1618876800,2.052,1.762,1.926,8061308.3,15291455.41,1.897,multiply,USDT
1572,1618963200,1.981,1.738,1.897,9293175.2,16290936.13,1.753,multiply,USDT
1573,1619049600,2.13,1.672,1.753,16434357.2,27971275.95,1.702,multiply,USDT
1574,1619136000,1.749,1.421,1.702,12904718.4,20719867.48,1.606,multiply,USDT
1575,1619222400,2.102,1.53,1.606,21229574.9,40950300.22,1.929,multiply,USDT
1576,1619308800,2.272,1.766,1.929,26886089.07,52211171.81,1.942,multiply,USDT
1577,1619395200,2.502,1.92,1.942,21838167.08,49797091.95,2.28,multiply,USDT
1578,1619481600,2.488,2.165,2.28,13971950.97,34111666.0,2.441,multiply,USDT
1579,1619568000,2.467,2.107,2.441,10022992.99,22734814.22,2.268,multiply,USDT
1580,1619654400,2.394,2.114,2.268,7136883.59,15808197.15,2.215,multiply,USDT
1581,1619740800,2.397,2.168,2.215,6332410.5,14406233.89,2.275,multiply,USDT
1582,1619827200,2.85,2.229,2.275,21404911.35,57044088.75,2.665,multiply,USDT
1583,1619913600,3.093,2.492,2.665,26568892.05,71310906.26,2.684,multiply,USDT
1584,1620000000,2.87,2.558,2.684,11031807.56,29013653.88,2.63,multiply,USDT
1585,1620086400,2.637,2.199,2.63,9856847.12,22387551.3,2.271,multiply,USDT
1586,1620172800,2.464,2.231,2.271,7189263.33,17494576.25,2.433,multiply,USDT
1587,1620259200,2.553,2.302,2.433,7898877.57,18541390.77,2.347,multiply,USDT
1588,1620345600,2.399,2.228,2.347,6258215.14,14276734.78,2.281,multiply,USDT
1589,1620432000,2.382,2.171,2.281,6055080.06,13479964.55,2.226,multiply,USDT
1590,1620518400,2.325,2.054,2.226,5313413.34,11445899.97,2.154,multiply,USDT
1591,1620604800,2.566,1.993,2.154,12118136.05,25194537.94,2.079,multiply,USDT
1592,1620691200,2.173,1.967,2.079,6208512.52,13336791.34,2.148,multiply,USDT
1593,1620777600,2.186,1.8,2.148,5305802.32,9560099.68,1.802,multiply,USDT
1594,1620864000,1.948,1.7,1.802,5846249.02,10599249.47,1.813,multiply,USDT
1595,1620950400,2.106,1.802,1.813,5032286.52,10069600.29,2.001,multiply,USDT
1596,1621036800,2.023,1.758,2.001,4390439.51,7910693.91,1.802,multiply,USDT
1597,1621123200,1.932,1.622,1.802,5664158.66,9727784.68,1.717,multiply,USDT
1598,1621209600,1.816,1.714,1.717,24397644.93,44306123.19,1.816,multiply,USDT
1599,1621296000,2.059,1.818,1.816,12802162.12,26360381.53,2.059,multiply,USDT
1600,1621382400,2.062,0.982,2.059,18530240.86,23339097.79,1.26,multiply,USDT
1601,1621468800,1.505,1.162,1.26,8567831.18,12224992.78,1.427,multiply,USDT
1602,1621555200,1.5,1.079,1.427,6457508.15,7829212.03,1.212,multiply,USDT
1603,1621641600,1.237,1.066,1.212,4724909.13,5184123.05,1.097,multiply,USDT
1604,1621728000,1.138,0.7335,1.097,10643519.16,9746566.38,0.9157,multiply,USDT
1605,1621814400,1.171,0.8863,0.9157,8527593.98,9910437.15,1.162,multiply,USDT
1606,1621900800,1.197,1.019,1.162,8439568.58,9926409.57,1.176,multiply,USDT
1607,1621987200,1.294,1.143,1.176,6836250.12,8677033.52,1.269,multiply,USDT
1608,1622073600,1.36,1.153,1.269,7407117.91,9075378.63,1.225,multiply,USDT
1609,1622160000,1.235,1.024,1.225,6035016.58,6366942.49,1.055,multiply,USDT
1610,1622246400,1.099,0.9221,1.055,5592491.59,5374943.67,0.9611,multiply,USDT
1611,1622332800,1.093,0.9018,0.9611,7366502.8,7387124.59,1.003,multiply,USDT
1612,1622419200,1.079,0.943,1.003,5585331.99,5959549.23,1.067,multiply,USDT
1613,1622505600,1.2,1.024,1.067,14788407.15,16398703.49,1.109,multiply,USDT
1614,1622592000,1.188,1.093,1.109,6731570.33,7896132.0,1.173,multiply,USDT
1615,1622678400,1.27,1.146,1.173,7608561.38,8932451.06,1.174,multiply,USDT
1616,1622764800,1.186,1.04,1.174,6274047.47,6763906.27,1.078,multiply,USDT
1617,1622851200,1.133,1.015,1.078,3699061.85,3843325.26,1.039,multiply,USDT
1618,1622937600,1.1,1.032,1.039,2896586.43,3157279.21,1.09,multiply,USDT
1619,1623024000,1.132,0.9909,1.09,4587095.23,4579297.17,0.9983,multiply,USDT
1620,1623110400,1.094,0.9087,0.9983,9502081.36,9484951.01,0.9982,multiply,USDT
1621,1623196800,1.062,0.9636,0.9982,5706874.72,6015045.95,1.054,multiply,USDT
1622,1623283200,1.064,0.9793,1.054,3879080.2,3867830.87,0.9971,multiply,USDT
1623,1623369600,1.237,0.9734,0.9971,10998235.22,11372175.22,1.034,multiply,USDT
1624,1623456000,1.06,0.9618,1.034,6204891.08,6112438.2,0.9851,multiply,USDT
1625,1623542400,1.04,0.967,0.9851,4568588.06,4705645.7,1.03,multiply,USDT
1626,1623628800,1.217,1.021,1.03,11367787.67,12709186.62,1.118,multiply,USDT
1627,1623715200,1.129,1.063,1.118,5837598.24,6263742.91,1.073,multiply,USDT
1628,1623801600,1.134,1.011,1.073,4603014.58,4680797.7,1.017,multiply,USDT
1629,1623888000,1.085,0.9666,1.017,4224638.07,4309130.83,1.02,multiply,USDT
1630,1623974400,1.046,0.883,1.02,4500659.27,4114562.56,0.9142,multiply,USDT
1631,1624060800,0.9427,0.8885,0.9142,2782958.37,2475688.32,0.8896,multiply,USDT
1632,1624147200,0.9107,0.8157,0.8896,3317885.85,2965502.82,0.8938,multiply,USDT
1633,1624233600,0.9034,0.7407,0.8938,4572726.31,3405968.21,0.7448,multiply,USDT
1634,1624320000,0.7997,0.5906,0.7448,10464676.75,6955493.91,0.6647,multiply,USDT
1635,1624406400,0.78,0.6485,0.6647,5261949.36,3830699.13,0.728,multiply,USDT
1636,1624492800,0.7475,0.7001,0.728,3013239.22,2198158.01,0.7295,multiply,USDT
1637,1624579200,0.7446,0.6515,0.7295,3295729.23,2169144.64,0.6582,multiply,USDT
1638,1624665600,0.7352,0.6379,0.6582,4772807.57,3388737.76,0.71,multiply,USDT
1639,1624752000,0.7617,0.6654,0.71,5664000.84,4227302.11,0.7463,multiply,USDT
1640,1624838400,0.8694,0.732,0.7463,9163117.5,7039106.86,0.7682,multiply,USDT
1641,1624924800,0.8426,0.763,0.7682,6032399.5,4815664.52,0.7983,multiply,USDT
1642,1625011200,0.8137,0.7383,0.7983,4610427.72,3618263.67,0.7848,multiply,USDT
1643,1625097600,0.8083,0.7344,0.7848,5883334.74,4461332.73,0.7583,multiply,USDT
1644,1625184000,0.8537,0.7512,0.7583,6357776.06,5241986.36,0.8245,multiply,USDT
1645,1625270400,0.8836,0.8184,0.8245,9208581.27,7994890.26,0.8682,multiply,USDT
1646,1625356800,0.8988,0.8418,0.8682,4857694.64,4123696.98,0.8489,multiply,USDT
1647,1625443200,0.8595,0.7815,0.8489,10403261.14,8208173.04,0.789,multiply,USDT
1648,1625529600,0.8521,0.7861,0.789,8353322.76,7105336.34,0.8506,multiply,USDT
1649,1625616000,1.06,0.8319,0.8506,17280850.72,15761863.94,0.9121,multiply,USDT
1650,1625702400,0.9274,0.8097,0.9121,15222391.68,12617358.22,0.8289,multiply,USDT
1651,1625788800,0.8647,0.7854,0.8289,9293002.73,7885025.46,0.8485,multiply,USDT
1652,1625875200,0.8665,0.8004,0.8485,12735542.58,10476483.13,0.8226,multiply,USDT
1653,1625961600,1.083,0.8108,0.8226,25645251.5,25773477.76,1.005,multiply,USDT
1654,1626048000,1.044,0.9084,1.005,13309186.15,12351115.87,0.928,multiply,USDT
1655,1626134400,1.412,0.91,0.928,42620240.12,53957223.99,1.266,multiply,USDT
1656,1626220800,1.407,1.092,1.266,38470362.42,49280534.26,1.281,multiply,USDT
1657,1626307200,1.34,1.089,1.281,22035739.92,25142779.25,1.141,multiply,USDT
1658,1626393600,1.16,0.9556,1.141,18473863.69,17804422.6,0.9638,multiply,USDT
1659,1626480000,0.9794,0.9009,0.9638,7635873.36,6938013.33,0.9086,multiply,USDT
1660,1626566400,1.171,0.9067,0.9086,22223190.56,23201966.54,1.044,multiply,USDT
1661,1626652800,1.062,0.8866,1.044,10773673.6,9584260.03,0.8896,multiply,USDT
1662,1626739200,0.9185,0.79,0.8896,8578759.59,7093776.3,0.8269,multiply,USDT
1663,1626825600,0.9743,0.8083,0.8269,9581663.14,8881243.56,0.9269,multiply,USDT
1664,1626912000,1.03,0.8953,0.9269,18834160.3,17847250.3,0.9476,multiply,USDT
1665,1626998400,1.03,0.8921,0.9476,18422078.06,18919474.17,1.027,multiply,USDT
1666,1627084800,1.268,0.9992,1.027,34402270.02,38224706.24,1.111,multiply,USDT
1667,1627171200,1.3,1.041,1.111,27719319.76,34739292.93,1.253,multiply,USDT
1668,1627257600,1.334,1.1,1.253,17859187.38,20002289.87,1.12,multiply,USDT
1669,1627344000,1.243,1.047,1.12,12214077.16,14742391.13,1.207,multiply,USDT
1670,1627430400,1.22,1.097,1.207,8484745.2,9553823.1,1.126,multiply,USDT
1671,1627516800,1.194,1.104,1.126,6337516.14,7129705.66,1.125,multiply,USDT
1672,1627603200,1.141,1.059,1.125,5981254.75,6710967.83,1.122,multiply,USDT
1673,1627689600,1.215,1.109,1.122,7609520.02,8842262.26,1.162,multiply,USDT
1674,1627776000,1.201,1.103,1.162,7129213.55,8006976.58,1.123,multiply,USDT
1675,1627862400,1.165,1.106,1.123,4387109.52,4917949.77,1.121,multiply,USDT
1676,1627948800,1.135,1.051,1.121,7922588.35,8516782.48,1.075,multiply,USDT
1677,1628035200,1.167,1.052,1.075,4862349.65,5547940.95,1.141,multiply,USDT
1678,1628121600,1.172,1.081,1.141,6441332.66,7549241.88,1.172,multiply,USDT
1679,1628208000,1.4,1.163,1.172,15788978.72,21283543.31,1.348,multiply,USDT
1680,1628294400,1.449,1.273,1.348,12120214.76,16313809.07,1.346,multiply,USDT
1681,1628380800,1.358,1.202,1.346,7982369.22,10105679.43,1.266,multiply,USDT
1682,1628467200,1.438,1.224,1.266,9883501.28,13372377.23,1.353,multiply,USDT
1683,1628553600,1.483,1.323,1.353,7096792.78,10375511.04,1.462,multiply,USDT
1684,1628640000,1.749,1.45,1.462,12472598.15,19482198.31,1.562,multiply,USDT
1685,1628726400,1.54,1.41,1.531,3264290.43,4824621.26,1.478,multiply,USDT
1686,1628812800,1.762,1.453,1.478,8038395.67,13681349.43,1.702,multiply,USDT
1687,1628899200,1.745,1.552,1.702,6079601.18,9664061.08,1.59,multiply,USDT
1688,1628985600,1.638,1.508,1.59,4202594.59,6739289.09,1.604,multiply,USDT
1689,1629072000,2.989,1.58,1.604,83363319.73,227998679.46,2.735,multiply,USDT
1690,1629158400,4.069,2.503,2.735,208516847.44,598443352.15,2.87,multiply,USDT
1691,1629244800,3.559,2.605,2.87,85242194.33,261182083.43,3.064,multiply,USDT
1692,1629331200,3.689,2.973,3.064,55254210.44,182007369.19,3.294,multiply,USDT
1693,1629417600,3.439,3.125,3.294,22507270.92,71032947.02,3.156,multiply,USDT
1694,1629504000,3.163,2.862,3.156,24165518.3,69400202.87,2.872,multiply,USDT
1695,1629590400,2.989,2.703,2.872,13093710.09,36961186.72,2.823,multiply,USDT
1696,1629676800,3.249,2.813,2.823,32719301.38,100906325.46,3.084,multiply,USDT
1697,1629763200,3.09,2.658,3.084,17706944.87,48074355.32,2.715,multiply,USDT
1698,1629849600,2.882,2.551,2.715,14413039.54,39592619.62,2.747,multiply,USDT
1699,1629936000,2.82,2.362,2.747,17192059.76,41725129.04,2.427,multiply,USDT
1700,1630022400,2.639,2.241,2.427,18718927.79,47687310.9,2.548,multiply,USDT
1701,1630108800,3.149,2.455,2.548,37675147.87,110573997.09,2.935,multiply,USDT
1702,1630195200,3.102,2.693,2.935,29893246.9,84652563.48,2.832,multiply,USDT
1703,1630281600,2.83,2.48,2.832,18813769.02,47279001.55,2.513,multiply,USDT
1704,1630368000,2.746,2.387,2.513,16224172.94,39911465.43,2.46,multiply,USDT
1705,1630454400,2.577,2.35,2.46,15224591.81,38685687.79,2.541,multiply,USDT
1706,1630540800,2.76,2.469,2.541,21944664.7,57714468.16,2.63,multiply,USDT
1707,1630627200,3.086,2.553,2.63,36176947.44,103031946.31,2.848,multiply,USDT
1708,1630713600,2.93,2.719,2.848,13917382.13,38606818.03,2.774,multiply,USDT
1709,1630800000,2.922,2.734,2.774,10999637.31,31546959.81,2.868,multiply,USDT
1710,1630886400,3.019,2.517,2.868,19848805.83,53234497.24,2.682,multiply,USDT
1711,1630972800,2.825,1.833,2.682,35114643.83,73249147.03,2.086,multiply,USDT
1712,1631059200,2.25,1.858,2.086,20746245.01,44479949.3,2.144,multiply,USDT
1713,1631145600,2.549,2.108,2.144,21414267.69,52464955.84,2.45,multiply,USDT
1714,1631232000,2.519,2.133,2.45,15023583.26,33051883.17,2.2,multiply,USDT
1715,1631318400,2.342,2.177,2.2,6488775.61,14800897.17,2.281,multiply,USDT
1716,1631404800,2.425,2.218,2.281,7646693.12,17541514.02,2.294,multiply,USDT
1717,1631491200,2.318,2.003,2.294,8056780.48,17233453.45,2.139,multiply,USDT
1718,1631577600,2.257,2.126,2.139,5906194.01,12952283.46,2.193,multiply,USDT
1719,1631664000,2.268,2.103,2.193,9306594.5,21014290.38,2.258,multiply,USDT
1720,1631750400,3.025,2.234,2.258,43963627.41,130220264.39,2.962,multiply,USDT
1721,1631836800,3.216,2.587,2.962,39317216.88,105920582.27,2.694,multiply,USDT
1722,1631923200,2.897,2.632,2.694,10969960.75,29893143.04,2.725,multiply,USDT
1723,1632009600,3.144,2.629,2.725,18890101.18,57728149.21,3.056,multiply,USDT
1724,1632096000,3.149,2.211,3.056,34945315.34,80645722.43,2.308,multiply,USDT
1725,1632182400,2.546,1.933,2.308,22702904.35,45178779.66,1.99,multiply,USDT
1726,1632268800,2.38,1.955,1.99,16574683.65,38105197.71,2.299,multiply,USDT
1727,1632355200,2.405,2.177,2.299,10345130.39,23807238.22,2.301,multiply,USDT
1728,1632441600,2.307,1.932,2.301,12360088.25,26241962.93,2.123,multiply,USDT
1729,1632528000,2.182,2.015,2.123,8432480.27,17548657.61,2.081,multiply,USDT
1730,1632614400,2.166,1.917,2.081,9543514.06,19679298.6,2.062,multiply,USDT
1731,1632700800,2.196,2.001,2.062,7013976.28,14070036.42,2.006,multiply,USDT
1732,1632787200,2.114,1.91,2.006,7110951.66,13681470.99,1.924,multiply,USDT
1733,1632873600,2.068,1.905,1.924,4848581.93,9522614.91,1.964,multiply,USDT
1734,1632960000,2.159,1.949,1.964,6883010.22,14440555.44,2.098,multiply,USDT
1735,1633046400,2.372,2.092,2.098,8767124.5,20646578.2,2.355,multiply,USDT
1736,1633132800,2.462,2.256,2.355,7907756.01,18243193.12,2.307,multiply,USDT
1737,1633219200,2.573,2.236,2.307,8375056.86,19919034.23,2.378,multiply,USDT
1738,1633305600,2.379,2.215,2.378,7753521.77,17398902.85,2.244,multiply,USDT
1739,1633392000,2.325,2.157,2.244,6885365.18,15231873.7,2.212,multiply,USDT
1740,1633478400,2.352,2.016,2.212,10916041.48,23491321.26,2.152,multiply,USDT
1741,1633564800,2.225,2.073,2.152,7693161.06,16232569.84,2.11,multiply,USDT
1742,1633651200,2.173,2.069,2.11,8029818.7,16902768.36,2.105,multiply,USDT
1743,1633737600,2.169,2.076,2.105,5772055.46,12248301.69,2.122,multiply,USDT
1744,1633824000,2.125,1.963,2.122,5849960.56,11541972.18,1.973,multiply,USDT
1745,1633910400,2.084,1.928,1.973,5567769.97,11235759.8,2.018,multiply,USDT
1746,1633996800,2.018,1.83,2.018,6747530.61,13231907.53,1.961,multiply,USDT
1747,1634083200,2.038,1.889,1.961,6814334.41,13655926.16,2.004,multiply,USDT
1748,1634169600,2.123,1.996,2.004,5905610.99,12012012.75,2.034,multiply,USDT
1749,1634256000,2.129,1.953,2.034,8251822.65,16898042.81,2.048,multiply,USDT
1750,1634342400,2.174,2.019,2.048,9239642.21,18830390.82,2.038,multiply,USDT
1751,1634428800,2.085,1.908,2.038,7212647.0,14201701.94,1.969,multiply,USDT
1752,1634515200,2.087,1.933,1.969,6884729.44,13390798.76,1.945,multiply,USDT
1753,1634601600,1.988,1.909,1.945,3895263.88,7603555.09,1.952,multiply,USDT
1754,1634688000,2.05,1.912,1.952,5048058.38,10267750.74,2.034,multiply,USDT
1755,1634774400,2.121,1.946,2.034,7775814.73,15318355.02,1.97,multiply,USDT
1756,1634860800,2.117,1.966,1.97,7307970.7,14994456.28,2.052,multiply,USDT
1757,1634947200,2.236,2.033,2.052,11100570.81,23699718.68,2.135,multiply,USDT
1758,1635033600,2.378,2.12,2.135,16820223.93,37236251.78,2.214,multiply,USDT
1759,1635120000,2.406,2.198,2.214,11134549.97,26567036.23,2.386,multiply,USDT
1760,1635206400,2.415,2.182,2.386,6854306.97,15237124.39,2.223,multiply,USDT
1761,1635292800,2.278,1.807,2.223,11478716.25,22130115.5,1.928,multiply,USDT
1762,1635379200,2.033,1.903,1.928,5708993.08,11269552.34,1.974,multiply,USDT
1763,1635465600,2.12,1.959,1.974,5666594.95,11627852.84,2.052,multiply,USDT
1764,1635552000,2.39,1.967,2.052,13401125.19,31037005.94,2.316,multiply,USDT
1765,1635638400,2.701,2.156,2.316,28246252.56,62854210.86,2.225,multiply,USDT
1766,1635724800,2.514,2.12,2.225,18868420.25,43365214.79,2.298,multiply,USDT
1767,1635811200,2.919,2.27,2.298,35424460.07,91060983.47,2.571,multiply,USDT
1768,1635897600,2.784,2.458,2.571,16176365.19,42624722.28,2.635,multiply,USDT
1769,1635984000,2.766,2.483,2.635,10701088.07,28054175.8,2.622,multiply,USDT
1770,1636070400,2.935,2.549,2.622,13688821.08,35462095.62,2.591,multiply,USDT
1771,1636156800,2.706,2.445,2.591,6257632.52,15897753.21,2.541,multiply,USDT
1772,1636243200,2.663,2.525,2.541,4911774.73,12714551.3,2.589,multiply,USDT
1773,1636329600,2.695,2.502,2.589,6358380.28,17034100.77,2.679,multiply,USDT
1774,1636416000,2.826,2.561,2.679,11187299.7,29299537.91,2.619,multiply,USDT
1775,1636502400,2.643,2.17,2.619,14387939.27,33682165.83,2.341,multiply,USDT
1776,1636588800,2.424,2.272,2.341,5596879.43,13147069.78,2.349,multiply,USDT
1777,1636675200,2.379,2.184,2.349,7808151.26,17662038.15,2.262,multiply,USDT
1778,1636761600,2.484,2.262,2.262,8218377.89,19600831.27,2.385,multiply,USDT
1779,1636848000,2.624,2.377,2.385,8588385.33,21762968.43,2.534,multiply,USDT
1780,1636934400,2.55,2.364,2.534,4576443.63,10919394.5,2.386,multiply,USDT
1781,1637020800,2.388,2.001,2.386,8379848.68,18092093.3,2.159,multiply,USDT
1782,1637107200,2.291,2.038,2.159,7011098.46,16015326.01,2.284,multiply,USDT
1783,1637193600,4.121,2.105,2.284,118372774.99,254163511.96,2.147,multiply,USDT
1784,1637280000,2.307,2.076,2.147,18331177.14,39891831.08,2.176,multiply,USDT
1785,1637366400,2.308,2.133,2.176,11813046.19,26570458.7,2.249,multiply,USDT
1786,1637452800,2.38,2.167,2.249,10393460.09,23221401.12,2.234,multiply,USDT
1787,1637539200,2.259,2.036,2.234,14446755.39,30079300.46,2.082,multiply,USDT
1788,1637625600,3.078,2.046,2.082,59836805.34,166884850.09,2.789,multiply,USDT
1789,1637712000,3.039,2.449,2.789,30682982.28,80450779.54,2.622,multiply,USDT
1790,1637798400,2.762,2.434,2.622,13044742.16,31847942.25,2.441,multiply,USDT
1791,1637884800,2.506,2.135,2.441,14767030.84,32475609.92,2.199,multiply,USDT
1792,1637971200,2.641,2.183,2.199,23199529.44,56802795.06,2.448,multiply,USDT
1793,1638057600,2.451,2.219,2.448,11618136.17,28178894.68,2.425,multiply,USDT
1794,1638144000,2.583,2.372,2.425,10689475.22,25733896.09,2.407,multiply,USDT
1795,1638230400,2.492,2.291,2.407,8318055.73,19134006.96,2.3,multiply,USDT
1796,1638316800,2.578,2.288,2.3,15591060.69,36862911.44,2.364,multiply,USDT
1797,1638403200,2.376,2.178,2.364,8526079.27,19160189.01,2.247,multiply,USDT
1798,1638489600,2.341,2.071,2.247,7874498.52,17167808.43,2.18,multiply,USDT
1799,1638576000,2.182,1.427,2.18,15309071.0,29116322.13,1.902,multiply,USDT
1800,1638662400,1.932,1.683,1.902,7456732.81,12920512.1,1.733,multiply,USDT
1801,1638748800,2.007,1.545,1.733,11590466.75,20280396.01,1.75,multiply,USDT
1802,1638835200,1.862,1.693,1.75,8331829.14,14361757.19,1.724,multiply,USDT
1803,1638921600,1.871,1.61,1.724,9185522.66,16201075.82,1.764,multiply,USDT
1804,1639008000,1.881,1.598,1.764,8715024.33,13949259.23,1.601,multiply,USDT
1805,1639094400,1.762,1.55,1.601,15563337.26,24341059.47,1.564,multiply,USDT
1806,1639180800,1.648,1.533,1.564,4112348.66,6693365.6,1.628,multiply,USDT
1807,1639267200,1.658,1.575,1.628,4167585.21,6804128.81,1.633,multiply,USDT
1808,1639353600,1.642,1.396,1.633,6024676.34,8617871.75,1.43,multiply,USDT
1809,1639440000,1.467,1.37,1.43,4536138.01,6568327.84,1.448,multiply,USDT
1810,1639526400,1.528,1.339,1.448,5851767.29,8698564.3,1.486,multiply,USDT
1811,1639612800,1.552,1.446,1.486,4555073.56,6618521.88,1.453,multiply,USDT
1812,1639699200,1.505,1.35,1.453,4454791.64,6165431.63,1.384,multiply,USDT
1813,1639785600,1.446,1.361,1.384,2708766.64,3836737.7,1.416,multiply,USDT
1814,1639872000,1.738,1.399,1.416,21603499.16,32794111.72,1.518,multiply,USDT
1815,1639958400,1.561,1.372,1.518,9804587.81,14451962.43,1.474,multiply,USDT
1816,1640044800,1.55,1.445,1.474,4343244.32,6697282.74,1.542,multiply,USDT
1817,1640131200,1.628,1.518,1.542,6020370.28,9500144.3,1.578,multiply,USDT
1818,1640217600,1.771,1.539,1.578,7648263.58,12994399.82,1.699,multiply,USDT
1819,1640304000,1.855,1.64,1.699,11340436.24,19777720.8,1.744,multiply,USDT
1820,1640390400,1.85,1.726,1.744,7511425.62,13400383.31,1.784,multiply,USDT
1821,1640476800,2.037,1.782,1.784,15671573.2,29760317.51,1.899,multiply,USDT
1822,1640563200,2.13,1.876,1.899,13633420.27,28043945.5,2.057,multiply,USDT
1823,1640649600,2.094,1.762,2.057,12112599.15,21560426.49,1.78,multiply,USDT
1824,1640736000,1.857,1.644,1.78,6133532.02,10206197.28,1.664,multiply,USDT
1825,1640822400,1.713,1.617,1.664,3913713.23,6488936.54,1.658,multiply,USDT
